customer_id,agg_claim_amount,year
0,10.26,2022
1,0.0,2022
2,0.0,2022
3,0.03,2022
4,4.84,2022
5,1.36,2022
6,267.39,2022
7,0.1,2022
8,0.0,2022
9,0.0,2022
10,5.38,2022
11,0.02,2022
12,0.0,2022
13,0.01,2022
14,0.0,2022
15,4.38,2022
16,0.04,2022
17,0.02,2022
18,0.14,2022
19,0.0,2022
20,250.51,2022
21,0.0,2022
22,0.22,2022
23,0.0,2022
24,286363.1,2022
25,1184.6,2022
26,0.29,2022
27,5412.09,2022
28,0.06,2022
29,0.07,2022
30,142.58,2022
31,0.0,2022
32,0.07,2022
33,928196.94,2022
34,3.93,2022
35,0.0,2022
36,0.05,2022
37,0.0,2022
38,24.64,2022
39,0.01,2022
40,1.44,2022
41,4.03,2022
42,34.24,2022
43,1.39,2022
44,0.0,2022
45,0.0,2022
46,776.78,2022
47,0.04,2022
48,3.06,2022
49,58650.31,2022
50,0.8,2022
51,0.55,2022
52,0.08,2022
53,39.38,2022
54,0.15,2022
55,0.07,2022
56,0.95,2022
57,0.0,2022
58,5.94,2022
59,918.86,2022
60,0.01,2022
61,74709.54,2022
62,1227.59,2022
63,0.21,2022
64,0.0,2022
65,11045.85,2022
66,2.55,2022
67,0.0,2022
68,72325.18,2022
69,0.04,2022
70,0.05,2022
71,0.01,2022
72,131.54,2022
73,0.67,2022
74,897.66,2022
75,0.04,2022
76,0.03,2022
77,0.0,2022
78,3.13,2022
79,0.0,2022
80,0.01,2022
81,0.59,2022
82,0.02,2022
83,0.05,2022
84,2.96,2022
85,0.14,2022
86,95346.86,2022
87,5.54,2022
88,0.02,2022
89,0.06,2022
90,0.0,2022
91,4144.42,2022
92,204.82,2022
93,0.0,2022
94,0.02,2022
95,520.91,2022
96,43.04,2022
97,0.04,2022
98,0.05,2022
99,965.33,2022
100,0.0,2022
101,4.98,2022
102,176.46,2022
103,3550.32,2022
104,6.54,2022
105,0.0,2022
106,661.6,2022
107,3.63,2022
108,0.0,2022
109,6.29,2022
110,0.02,2022
111,14207.47,2022
112,77.73,2022
113,29.84,2022
114,7.03,2022
115,0.03,2022
116,0.11,2022
117,1.59,2022
118,0.0,2022
119,62.54,2022
120,7.25,2022
121,0.23,2022
122,0.25,2022
123,0.03,2022
124,93673.07,2022
125,4.7,2022
126,24.63,2022
127,0.0,2022
128,116.31,2022
129,8.01,2022
130,0.0,2022
131,0.65,2022
132,0.05,2022
133,55.64,2022
134,5.45,2022
135,0.01,2022
136,0.71,2022
137,4.86,2022
138,2.21,2022
139,0.0,2022
140,0.0,2022
141,3.43,2022
142,0.02,2022
143,0.0,2022
144,10071.2,2022
145,99.95,2022
146,0.0,2022
147,0.55,2022
148,38.18,2022
149,0.0,2022
150,19.77,2022
151,0.28,2022
152,0.0,2022
153,0.3,2022
154,0.07,2022
155,3.57,2022
156,231.31,2022
157,0.0,2022
158,0.12,2022
159,1460.27,2022
160,0.09,2022
161,35.33,2022
162,117.85,2022
163,0.31,2022
164,0.1,2022
165,0.0,2022
166,12.48,2022
167,0.0,2022
168,1.63,2022
169,15.02,2022
170,0.09,2022
171,198.81,2022
172,1.47,2022
173,0.08,2022
174,0.33,2022
175,2.27,2022
176,5.27,2022
177,7071.76,2022
178,23991.18,2022
179,0.0,2022
180,10988.2,2022
181,0.0,2022
182,0.0,2022
183,0.0,2022
184,0.52,2022
185,32.94,2022
186,31.0,2022
187,13.94,2022
188,6.83,2022
189,0.0,2022
190,20.1,2022
191,0.0,2022
192,0.0,2022
193,14.05,2022
194,0.0,2022
195,0.03,2022
196,0.99,2022
197,2.95,2022
198,303.5,2022
199,0.0,2022
200,0.0,2022
201,92.69,2022
202,0.9,2022
203,3.75,2022
204,0.01,2022
205,0.11,2022
206,0.0,2022
207,194.46,2022
208,0.02,2022
209,29.94,2022
210,0.04,2022
211,0.0,2022
212,140.45,2022
213,1.43,2022
214,9.83,2022
215,0.0,2022
216,14071.44,2022
217,0.0,2022
218,0.03,2022
219,0.0,2022
220,0.9,2022
221,1.93,2022
222,0.3,2022
223,613.56,2022
224,0.01,2022
225,233.18,2022
226,0.12,2022
227,0.55,2022
228,0.0,2022
229,0.02,2022
230,0.02,2022
231,1.05,2022
232,1110.57,2022
233,0.01,2022
234,897.02,2022
235,1.03,2022
236,13590.37,2022
237,0.3,2022
238,106.64,2022
239,10488.1,2022
240,71.92,2022
241,10.8,2022
242,0.43,2022
243,0.0,2022
244,42.51,2022
245,0.03,2022
246,0.07,2022
247,0.0,2022
248,21.62,2022
249,0.0,2022
250,0.03,2022
251,0.06,2022
252,0.15,2022
253,10.24,2022
254,10.1,2022
255,10.27,2022
256,1155.51,2022
257,506.26,2022
258,0.59,2022
259,1.2,2022
260,0.0,2022
261,120.71,2022
262,2.76,2022
263,1.16,2022
264,5744.39,2022
265,28.85,2022
266,3.83,2022
267,90.79,2022
268,669.78,2022
269,0.4,2022
270,1.53,2022
271,10.51,2022
272,1046855.44,2022
273,4527.91,2022
274,0.11,2022
275,1.36,2022
276,0.15,2022
277,0.14,2022
278,18.11,2022
279,3.61,2022
280,0.0,2022
281,0.12,2022
282,1.5,2022
283,5829.31,2022
284,0.01,2022
285,0.0,2022
286,0.01,2022
287,0.01,2022
288,0.01,2022
289,0.0,2022
290,11.59,2022
291,0.0,2022
292,0.22,2022
293,0.5,2022
294,0.0,2022
295,0.03,2022
296,0.0,2022
297,13.02,2022
298,0.06,2022
299,0.01,2022
300,0.02,2022
301,1.11,2022
302,9.12,2022
303,0.03,2022
304,706194.25,2022
305,0.2,2022
306,0.0,2022
307,312.59,2022
308,0.05,2022
309,0.0,2022
310,16.2,2022
311,12.73,2022
312,2.3,2022
313,138.36,2022
314,0.03,2022
315,0.25,2022
316,0.0,2022
317,0.02,2022
318,0.0,2022
319,50.68,2022
320,105.52,2022
321,2.05,2022
322,3.13,2022
323,4.84,2022
324,0.04,2022
325,4165.35,2022
326,0.03,2022
327,0.0,2022
328,3.9,2022
329,0.01,2022
330,309.71,2022
331,174.84,2022
332,1.12,2022
333,18.25,2022
334,1.15,2022
335,0.0,2022
336,84.97,2022
337,0.16,2022
338,26923.82,2022
339,14.94,2022
340,8.16,2022
341,931.48,2022
342,2.92,2022
343,3.56,2022
344,0.46,2022
345,0.04,2022
346,7.24,2022
347,1453.58,2022
348,0.01,2022
349,0.43,2022
350,829.42,2022
351,77.82,2022
352,80.69,2022
353,0.01,2022
354,145.33,2022
355,7.31,2022
356,93.93,2022
357,2.18,2022
358,3.88,2022
359,0.0,2022
360,4.15,2022
361,5854.24,2022
362,0.0,2022
363,0.6,2022
364,0.01,2022
365,0.42,2022
366,0.0,2022
367,0.63,2022
368,20.63,2022
369,0.0,2022
370,0.25,2022
371,13.14,2022
372,0.0,2022
373,1677.45,2022
374,0.04,2022
375,18.24,2022
376,0.02,2022
377,40.57,2022
378,1.63,2022
379,0.0,2022
380,50.82,2022
381,0.01,2022
382,0.0,2022
383,12.07,2022
384,0.21,2022
385,1164.02,2022
386,18.31,2022
387,0.0,2022
388,0.11,2022
389,0.01,2022
390,0.72,2022
391,4.53,2022
392,393.38,2022
393,1834.17,2022
394,371.45,2022
395,0.05,2022
396,1540.65,2022
397,0.39,2022
398,131.44,2022
399,0.44,2022
400,0.03,2022
401,0.0,2022
402,0.02,2022
403,1.18,2022
404,0.05,2022
405,0.0,2022
406,0.13,2022
407,273.27,2022
408,75.0,2022
409,12.88,2022
410,1.63,2022
411,270.02,2022
412,0.13,2022
413,1.32,2022
414,0.0,2022
415,60082.8,2022
416,0.01,2022
417,0.02,2022
418,0.33,2022
419,0.03,2022
420,0.06,2022
421,473.75,2022
422,0.02,2022
423,1211086.6,2022
424,0.35,2022
425,1681416.1,2022
426,0.03,2022
427,5.12,2022
428,0.0,2022
429,0.09,2022
430,0.01,2022
431,0.0,2022
432,0.15,2022
433,1284.29,2022
434,0.0,2022
435,0.61,2022
436,7503.1,2022
437,0.03,2022
438,0.22,2022
439,5.89,2022
440,5.33,2022
441,0.05,2022
442,2.78,2022
443,0.02,2022
444,6.36,2022
445,0.0,2022
446,2383.47,2022
447,7321.76,2022
448,7038.27,2022
449,0.13,2022
450,0.19,2022
451,3312.69,2022
452,3.43,2022
453,4.6,2022
454,0.3,2022
455,0.01,2022
456,1.13,2022
457,0.63,2022
458,0.02,2022
459,0.0,2022
460,14.63,2022
461,83.89,2022
462,0.0,2022
463,46.09,2022
464,21.86,2022
465,26.47,2022
466,186.0,2022
467,1.35,2022
468,88.31,2022
469,0.0,2022
470,1135.15,2022
471,5.81,2022
472,0.04,2022
473,0.0,2022
474,0.43,2022
475,1.53,2022
476,0.14,2022
477,0.02,2022
478,0.0,2022
479,0.0,2022
480,0.05,2022
481,0.0,2022
482,57.42,2022
483,9360.31,2022
484,5.77,2022
485,0.34,2022
486,0.22,2022
487,1367.17,2022
488,0.43,2022
489,0.04,2022
490,0.0,2022
491,0.22,2022
492,0.0,2022
493,0.0,2022
494,0.0,2022
495,0.02,2022
496,0.98,2022
497,10.69,2022
498,3860.08,2022
499,11299.4,2022
500,0.01,2022
501,16.36,2022
502,102.94,2022
503,64645.05,2022
504,1.95,2022
505,0.0,2022
506,3.1,2022
507,0.14,2022
508,38848.61,2022
509,304.6,2022
510,0.08,2022
511,0.0,2022
512,0.23,2022
513,2.96,2022
514,144.62,2022
515,1.71,2022
516,0.91,2022
517,25.81,2022
518,1.43,2022
519,4.52,2022
520,0.0,2022
521,102.82,2022
522,0.03,2022
523,0.0,2022
524,0.23,2022
525,2.48,2022
526,18.07,2022
527,165.93,2022
528,65.43,2022
529,0.16,2022
530,4.84,2022
531,309.54,2022
532,3.44,2022
533,41.46,2022
534,0.34,2022
535,78.29,2022
536,0.27,2022
537,50.28,2022
538,0.0,2022
539,1350.53,2022
540,0.28,2022
541,8.82,2022
542,0.04,2022
543,4914.1,2022
544,0.01,2022
545,0.11,2022
546,7136.28,2022
547,5863.04,2022
548,0.01,2022
549,11095008.0,2022
550,106660.68,2022
551,1892.77,2022
552,0.03,2022
553,0.19,2022
554,0.03,2022
555,0.0,2022
556,0.23,2022
557,0.77,2022
558,11347.23,2022
559,63.58,2022
560,0.02,2022
561,0.0,2022
562,0.0,2022
563,0.1,2022
564,299.95,2022
565,0.0,2022
566,1.62,2022
567,0.0,2022
568,0.33,2022
569,0.16,2022
570,84670.16,2022
571,389.58,2022
572,0.0,2022
573,38.63,2022
574,0.0,2022
575,34.41,2022
576,14.2,2022
577,0.0,2022
578,0.04,2022
579,3.35,2022
580,13.21,2022
581,0.14,2022
582,2797.8,2022
583,359.73,2022
584,0.2,2022
585,2200969.0,2022
586,0.01,2022
587,0.23,2022
588,0.0,2022
589,0.03,2022
590,39.81,2022
591,1.62,2022
592,0.01,2022
593,0.02,2022
594,0.1,2022
595,0.02,2022
596,2.8,2022
597,0.64,2022
598,0.05,2022
599,0.1,2022
600,3.01,2022
601,0.02,2022
602,13702.84,2022
603,3.08,2022
604,13.71,2022
605,0.45,2022
606,14.65,2022
607,0.02,2022
608,0.0,2022
609,0.04,2022
610,0.16,2022
611,0.04,2022
612,0.41,2022
613,0.01,2022
614,0.08,2022
615,0.02,2022
616,19.51,2022
617,0.07,2022
618,2.35,2022
619,1.17,2022
620,1.6,2022
621,0.12,2022
622,0.0,2022
623,1.6,2022
624,2.97,2022
625,0.01,2022
626,0.0,2022
627,0.02,2022
628,5.86,2022
629,0.01,2022
630,13957.61,2022
631,0.07,2022
632,2869.77,2022
633,0.0,2022
634,0.13,2022
635,0.09,2022
636,16.93,2022
637,0.0,2022
638,28.66,2022
639,0.01,2022
640,102.42,2022
641,0.0,2022
642,0.11,2022
643,0.0,2022
644,0.0,2022
645,0.15,2022
646,1.92,2022
647,0.0,2022
648,88.76,2022
649,0.05,2022
650,0.39,2022
651,0.06,2022
652,17.24,2022
653,2.07,2022
654,0.97,2022
655,0.07,2022
656,0.0,2022
657,0.0,2022
658,1.99,2022
659,0.0,2022
660,0.0,2022
661,0.0,2022
662,533.71,2022
663,1399.01,2022
664,0.07,2022
665,8350.98,2022
666,0.0,2022
667,0.0,2022
668,0.0,2022
669,0.1,2022
670,6155.77,2022
671,0.0,2022
672,0.05,2022
673,0.0,2022
674,0.0,2022
675,0.0,2022
676,59.83,2022
677,1.21,2022
678,7.34,2022
679,0.05,2022
680,10542.14,2022
681,104.03,2022
682,0.01,2022
683,0.0,2022
684,0.02,2022
685,191.2,2022
686,0.23,2022
687,0.07,2022
688,321.13,2022
689,0.03,2022
690,1.62,2022
691,0.0,2022
692,108.19,2022
693,0.0,2022
694,0.16,2022
695,4.81,2022
696,0.39,2022
697,0.17,2022
698,3.25,2022
699,0.0,2022
700,67.89,2022
701,0.0,2022
702,32.04,2022
703,36.56,2022
704,1.84,2022
705,64.73,2022
706,16.49,2022
707,4.33,2022
708,0.03,2022
709,0.0,2022
710,0.02,2022
711,0.01,2022
712,0.0,2022
713,5.96,2022
714,0.0,2022
715,20.81,2022
716,1.35,2022
717,0.0,2022
718,0.46,2022
719,0.06,2022
720,0.14,2022
721,4.63,2022
722,207882.84,2022
723,0.01,2022
724,0.0,2022
725,3951.76,2022
726,3.26,2022
727,303.41,2022
728,0.0,2022
729,0.02,2022
730,0.02,2022
731,0.0,2022
732,1.27,2022
733,213.23,2022
734,12.49,2022
735,0.0,2022
736,1062.83,2022
737,185.37,2022
738,0.4,2022
739,0.01,2022
740,30.13,2022
741,76.65,2022
742,4.86,2022
743,0.0,2022
744,0.03,2022
745,0.61,2022
746,2.28,2022
747,0.01,2022
748,393.06,2022
749,11102.95,2022
750,2466.81,2022
751,53.1,2022
752,0.15,2022
753,61.16,2022
754,0.0,2022
755,0.1,2022
756,0.01,2022
757,16.23,2022
758,0.44,2022
759,0.47,2022
760,0.0,2022
761,1.16,2022
762,0.0,2022
763,0.02,2022
764,0.0,2022
765,0.02,2022
766,0.16,2022
767,243089.98,2022
768,62.2,2022
769,103644.23,2022
770,0.01,2022
771,0.25,2022
772,0.32,2022
773,2.18,2022
774,0.0,2022
775,0.0,2022
776,36.54,2022
777,0.51,2022
778,54.36,2022
779,0.0,2022
780,0.24,2022
781,0.12,2022
782,0.01,2022
783,3674.08,2022
784,947.81,2022
785,4.58,2022
786,3.01,2022
787,0.0,2022
788,0.0,2022
789,7.42,2022
790,0.05,2022
791,941.91,2022
792,0.01,2022
793,0.0,2022
794,1.76,2022
795,3.94,2022
796,47.24,2022
797,0.16,2022
798,0.0,2022
799,0.07,2022
800,0.0,2022
801,0.03,2022
802,1.84,2022
803,0.01,2022
804,0.11,2022
805,7.99,2022
806,0.0,2022
807,0.58,2022
808,1104.25,2022
809,0.01,2022
810,6.53,2022
811,9.57,2022
812,0.0,2022
813,7.95,2022
814,2.66,2022
815,0.0,2022
816,11.89,2022
817,28.23,2022
818,1.18,2022
819,0.0,2022
820,27205.18,2022
821,261.69,2022
822,610640.5,2022
823,16.51,2022
824,0.08,2022
825,272.13,2022
826,14.28,2022
827,0.0,2022
828,151.27,2022
829,0.0,2022
830,95.46,2022
831,67.04,2022
832,0.02,2022
833,77.58,2022
834,0.79,2022
835,0.19,2022
836,0.35,2022
837,1069.03,2022
838,1.3,2022
839,0.24,2022
840,0.1,2022
841,2314.25,2022
842,0.07,2022
843,0.0,2022
844,0.0,2022
845,45.77,2022
846,0.62,2022
847,0.23,2022
848,141.29,2022
849,0.08,2022
850,1.5,2022
851,0.0,2022
852,1.75,2022
853,43.43,2022
854,0.52,2022
855,310.12,2022
856,1587.92,2022
857,0.65,2022
858,0.01,2022
859,0.53,2022
860,0.08,2022
861,0.3,2022
862,2.44,2022
863,18.31,2022
864,280.72,2022
865,4107.8,2022
866,0.0,2022
867,0.1,2022
868,0.19,2022
869,0.0,2022
870,90.48,2022
871,24.51,2022
872,3.36,2022
873,0.0,2022
874,1.44,2022
875,155.71,2022
876,0.29,2022
877,162.41,2022
878,0.33,2022
879,0.0,2022
880,106.85,2022
881,51.48,2022
882,0.21,2022
883,0.05,2022
884,1.79,2022
885,0.02,2022
886,7.49,2022
887,17585.52,2022
888,59.64,2022
889,0.0,2022
890,0.57,2022
891,1.44,2022
892,1295.32,2022
893,46.43,2022
894,0.17,2022
895,0.0,2022
896,0.0,2022
897,0.06,2022
898,0.0,2022
899,0.0,2022
900,53.25,2022
901,0.0,2022
902,0.06,2022
903,0.03,2022
904,0.01,2022
905,1.11,2022
906,0.04,2022
907,1.23,2022
908,0.24,2022
909,58.16,2022
910,1399.54,2022
911,0.0,2022
912,0.74,2022
913,0.49,2022
914,88.06,2022
915,0.0,2022
916,0.05,2022
917,0.0,2022
918,86.63,2022
919,6.12,2022
920,5.6,2022
921,506.62,2022
922,0.0,2022
923,0.04,2022
924,0.0,2022
925,5.19,2022
926,11.65,2022
927,0.21,2022
928,1.01,2022
929,0.24,2022
930,0.01,2022
931,0.27,2022
932,3.49,2022
933,0.0,2022
934,0.05,2022
935,11441.99,2022
936,0.01,2022
937,24.37,2022
938,0.0,2022
939,0.05,2022
940,0.0,2022
941,0.18,2022
942,0.0,2022
943,0.0,2022
944,2159.61,2022
945,0.0,2022
946,0.0,2022
947,0.22,2022
948,0.01,2022
949,0.0,2022
950,0.12,2022
951,0.11,2022
952,0.58,2022
953,0.0,2022
954,2194.61,2022
955,0.0,2022
956,1.19,2022
957,0.12,2022
958,0.13,2022
959,0.82,2022
960,16342.58,2022
961,0.01,2022
962,0.02,2022
963,0.02,2022
964,0.0,2022
965,0.06,2022
966,1.15,2022
967,6673.68,2022
968,0.21,2022
969,53.22,2022
970,0.0,2022
971,1.94,2022
972,0.0,2022
973,0.86,2022
974,408344.53,2022
975,0.68,2022
976,0.0,2022
977,0.02,2022
978,0.0,2022
979,35.12,2022
980,508.89,2022
981,35.16,2022
982,0.03,2022
983,0.0,2022
984,0.03,2022
985,51.54,2022
986,0.0,2022
987,343.79,2022
988,17.03,2022
989,1815452.4,2022
990,0.03,2022
991,3404.87,2022
992,0.01,2022
993,0.05,2022
994,0.01,2022
995,0.0,2022
996,0.0,2022
997,6.72,2022
998,0.1,2022
999,2518.79,2022
1000,3.76,2022
1001,0.0,2022
1002,0.21,2022
1003,0.0,2022
1004,343.49,2022
1005,2211.1,2022
1006,579.37,2022
1007,0.01,2022
1008,0.0,2022
1009,0.0,2022
1010,0.55,2022
1011,4.64,2022
1012,0.02,2022
1013,0.94,2022
1014,9.49,2022
1015,0.0,2022
1016,2.17,2022
1017,12.11,2022
1018,0.07,2022
1019,0.4,2022
1020,0.04,2022
1021,62.58,2022
1022,0.0,2022
1023,2.29,2022
1024,274.79,2022
1025,1572.61,2022
1026,22.81,2022
1027,0.98,2022
1028,202.29,2022
1029,2.65,2022
1030,10.91,2022
1031,0.01,2022
1032,352.77,2022
1033,47.48,2022
1034,0.13,2022
1035,0.95,2022
1036,0.01,2022
1037,4.29,2022
1038,0.3,2022
1039,102999.8,2022
1040,0.0,2022
1041,0.0,2022
1042,0.0,2022
1043,100.47,2022
1044,9.88,2022
1045,634.11,2022
1046,0.44,2022
1047,3845.95,2022
1048,0.06,2022
1049,0.0,2022
1050,0.0,2022
1051,0.0,2022
1052,0.0,2022
1053,0.0,2022
1054,350.4,2022
1055,0.0,2022
1056,5300.88,2022
1057,0.0,2022
1058,3.84,2022
1059,0.0,2022
1060,0.02,2022
1061,41.53,2022
1062,0.04,2022
1063,0.08,2022
1064,0.06,2022
1065,20501.79,2022
1066,0.05,2022
1067,0.0,2022
1068,0.0,2022
1069,0.0,2022
1070,424.77,2022
1071,0.7,2022
1072,1.49,2022
1073,60.89,2022
1074,0.0,2022
1075,8.44,2022
1076,1328.27,2022
1077,0.11,2022
1078,0.22,2022
1079,6.41,2022
1080,3702.9,2022
1081,0.0,2022
1082,2.69,2022
1083,1.42,2022
1084,0.59,2022
1085,16.86,2022
1086,0.0,2022
1087,0.1,2022
1088,0.14,2022
1089,0.0,2022
1090,4.38,2022
1091,0.32,2022
1092,0.0,2022
1093,0.03,2022
1094,0.0,2022
1095,0.01,2022
1096,0.0,2022
1097,0.26,2022
1098,0.3,2022
1099,0.63,2022
1100,0.06,2022
1101,86.52,2022
1102,0.06,2022
1103,6387.88,2022
1104,3649.72,2022
1105,7.0,2022
1106,1250.91,2022
1107,0.01,2022
1108,1003.37,2022
1109,0.11,2022
1110,11.71,2022
1111,0.21,2022
1112,398.91,2022
1113,135.61,2022
1114,0.01,2022
1115,17.79,2022
1116,61.03,2022
1117,0.03,2022
1118,0.64,2022
1119,14.42,2022
1120,12.12,2022
1121,1.94,2022
1122,1.55,2022
1123,0.0,2022
1124,2.78,2022
1125,5.57,2022
1126,2.44,2022
1127,0.0,2022
1128,12.86,2022
1129,66.23,2022
1130,0.92,2022
1131,1.93,2022
1132,0.0,2022
1133,5.91,2022
1134,262396.38,2022
1135,0.03,2022
1136,1.06,2022
1137,0.09,2022
1138,2222.29,2022
1139,17.72,2022
1140,0.0,2022
1141,146.79,2022
1142,0.53,2022
1143,0.02,2022
1144,1.02,2022
1145,0.0,2022
1146,0.05,2022
1147,41.15,2022
1148,0.01,2022
1149,0.0,2022
1150,1401.76,2022
1151,5.09,2022
1152,8.02,2022
1153,1.46,2022
1154,0.0,2022
1155,0.03,2022
1156,18799.24,2022
1157,2303.23,2022
1158,12.22,2022
1159,5.63,2022
1160,19.29,2022
1161,4.68,2022
1162,0.09,2022
1163,0.0,2022
1164,0.0,2022
1165,0.01,2022
1166,594.69,2022
1167,0.0,2022
1168,1682.35,2022
1169,0.0,2022
1170,34.41,2022
1171,17641.57,2022
1172,23.81,2022
1173,3239.71,2022
1174,179.15,2022
1175,0.49,2022
1176,1.84,2022
1177,2.14,2022
1178,5.24,2022
1179,0.57,2022
1180,0.47,2022
1181,0.0,2022
1182,0.01,2022
1183,65234.32,2022
1184,0.01,2022
1185,18.93,2022
1186,4254.51,2022
1187,1904.01,2022
1188,0.01,2022
1189,2614.52,2022
1190,6.84,2022
1191,0.08,2022
1192,0.6,2022
1193,0.14,2022
1194,0.06,2022
1195,0.0,2022
1196,0.0,2022
1197,445.28,2022
1198,13280.47,2022
1199,0.37,2022
1200,61.12,2022
1201,0.01,2022
1202,94.72,2022
1203,0.0,2022
1204,0.06,2022
1205,0.0,2022
1206,55324.06,2022
1207,0.48,2022
1208,0.1,2022
1209,0.4,2022
1210,0.0,2022
1211,155.69,2022
1212,0.01,2022
1213,0.0,2022
1214,0.11,2022
1215,0.0,2022
1216,0.09,2022
1217,0.32,2022
1218,0.29,2022
1219,0.09,2022
1220,0.02,2022
1221,71.07,2022
1222,2.8,2022
1223,0.0,2022
1224,0.02,2022
1225,0.0,2022
1226,135.88,2022
1227,0.18,2022
1228,0.11,2022
1229,0.86,2022
1230,0.68,2022
1231,0.11,2022
1232,0.0,2022
1233,0.0,2022
1234,3412.02,2022
1235,56.52,2022
1236,3.86,2022
1237,0.53,2022
1238,0.37,2022
1239,0.81,2022
1240,0.13,2022
1241,0.63,2022
1242,0.0,2022
1243,0.0,2022
1244,0.0,2022
1245,0.14,2022
1246,1.73,2022
1247,46.64,2022
1248,2.15,2022
1249,2805.83,2022
1250,87450.16,2022
1251,35.44,2022
1252,0.01,2022
1253,0.04,2022
1254,1.03,2022
1255,4.04,2022
1256,0.0,2022
1257,0.15,2022
1258,25.45,2022
1259,0.0,2022
1260,0.67,2022
1261,3258919.2,2022
1262,0.0,2022
1263,2.27,2022
1264,1.06,2022
1265,29384.88,2022
1266,10.49,2022
1267,0.0,2022
1268,41566.58,2022
1269,0.0,2022
1270,0.17,2022
1271,0.27,2022
1272,1154.54,2022
1273,14.61,2022
1274,0.0,2022
1275,1.86,2022
1276,5953.19,2022
1277,30.52,2022
1278,0.0,2022
1279,0.03,2022
1280,0.0,2022
1281,0.0,2022
1282,1294.81,2022
1283,0.0,2022
1284,2272.88,2022
1285,10483.62,2022
1286,4.68,2022
1287,364.12,2022
1288,0.06,2022
1289,32.67,2022
1290,0.0,2022
1291,0.24,2022
1292,0.03,2022
1293,0.03,2022
1294,17.34,2022
1295,2.26,2022
1296,0.0,2022
1297,0.0,2022
1298,0.0,2022
1299,2656.92,2022
1300,131758.73,2022
1301,66.37,2022
1302,176.59,2022
1303,0.04,2022
1304,0.0,2022
1305,18647.61,2022
1306,0.09,2022
1307,6.66,2022
1308,0.09,2022
1309,0.4,2022
1310,0.06,2022
1311,0.0,2022
1312,6345.03,2022
1313,426.06,2022
1314,0.0,2022
1315,2.46,2022
1316,0.01,2022
1317,162.43,2022
1318,0.0,2022
1319,0.02,2022
1320,0.0,2022
1321,0.34,2022
1322,0.19,2022
1323,0.11,2022
1324,0.07,2022
1325,0.0,2022
1326,0.13,2022
1327,22.49,2022
1328,1.23,2022
1329,4.72,2022
1330,0.0,2022
1331,0.27,2022
1332,0.08,2022
1333,18.73,2022
1334,1801.42,2022
1335,3.54,2022
1336,10.29,2022
1337,0.0,2022
1338,11.9,2022
1339,44.98,2022
1340,0.02,2022
1341,0.0,2022
1342,6.63,2022
1343,0.04,2022
1344,0.08,2022
1345,0.0,2022
1346,0.2,2022
1347,0.0,2022
1348,0.0,2022
1349,294.66,2022
1350,2.45,2022
1351,0.0,2022
1352,0.0,2022
1353,54.74,2022
1354,245.69,2022
1355,1.36,2022
1356,0.12,2022
1357,0.0,2022
1358,745.42,2022
1359,0.0,2022
1360,74.19,2022
1361,0.68,2022
1362,0.01,2022
1363,3.59,2022
1364,5734.19,2022
1365,0.05,2022
1366,6.02,2022
1367,1.82,2022
1368,0.0,2022
1369,0.09,2022
1370,73857.18,2022
1371,18.19,2022
1372,806.12,2022
1373,0.06,2022
1374,0.29,2022
1375,8.97,2022
1376,13.7,2022
1377,230157.36,2022
1378,0.02,2022
1379,0.98,2022
1380,29.53,2022
1381,5.01,2022
1382,306.0,2022
1383,13.42,2022
1384,3.73,2022
1385,831.82,2022
1386,415.41,2022
1387,0.0,2022
1388,0.83,2022
1389,0.01,2022
1390,883200.2,2022
1391,0.07,2022
1392,0.06,2022
1393,0.33,2022
1394,2255.36,2022
1395,18.82,2022
1396,3300.09,2022
1397,0.02,2022
1398,0.0,2022
1399,3.1,2022
1400,15.19,2022
1401,0.0,2022
1402,0.03,2022
1403,30770.79,2022
1404,0.35,2022
1405,60.52,2022
1406,0.02,2022
1407,5.6,2022
1408,0.02,2022
1409,106.23,2022
1410,0.01,2022
1411,1.65,2022
1412,268.88,2022
1413,1.74,2022
1414,101.31,2022
1415,1107529.8,2022
1416,268.02,2022
1417,295.1,2022
1418,0.0,2022
1419,0.44,2022
1420,58.23,2022
1421,14.08,2022
1422,573.71,2022
1423,0.01,2022
1424,2834.73,2022
1425,55.07,2022
1426,224.82,2022
1427,0.0,2022
1428,0.0,2022
1429,0.0,2022
1430,3.92,2022
1431,0.03,2022
1432,0.01,2022
1433,0.01,2022
1434,0.0,2022
1435,34763.71,2022
1436,35.37,2022
1437,0.09,2022
1438,5.57,2022
1439,0.05,2022
1440,0.15,2022
1441,1.08,2022
1442,15191.75,2022
1443,1039.4,2022
1444,292.82,2022
1445,0.5,2022
1446,0.43,2022
1447,837.33,2022
1448,0.08,2022
1449,9.99,2022
1450,0.0,2022
1451,17.69,2022
1452,0.0,2022
1453,115.39,2022
1454,0.18,2022
1455,0.04,2022
1456,0.89,2022
1457,186.43,2022
1458,304.62,2022
1459,57.75,2022
1460,0.48,2022
1461,0.02,2022
1462,0.0,2022
1463,2.19,2022
1464,5.23,2022
1465,43.61,2022
1466,2.77,2022
1467,0.0,2022
1468,0.03,2022
1469,70.89,2022
1470,0.27,2022
1471,0.0,2022
1472,1.82,2022
1473,137776.4,2022
1474,0.03,2022
1475,1.03,2022
1476,0.03,2022
1477,0.02,2022
1478,0.68,2022
1479,1068.4,2022
1480,1540.75,2022
1481,14.9,2022
1482,0.01,2022
1483,1.79,2022
1484,1.14,2022
1485,0.0,2022
1486,1.36,2022
1487,0.05,2022
1488,574.18,2022
1489,0.0,2022
1490,0.01,2022
1491,523.4,2022
1492,1889.31,2022
1493,40.84,2022
1494,0.01,2022
1495,643384.9,2022
1496,0.06,2022
1497,24.75,2022
1498,0.01,2022
1499,30.66,2022
1500,0.0,2022
1501,464.2,2022
1502,14.4,2022
1503,0.07,2022
1504,3.12,2022
1505,0.0,2022
1506,1.49,2022
1507,0.01,2022
1508,8.46,2022
1509,0.01,2022
1510,0.0,2022
1511,0.0,2022
1512,0.0,2022
1513,0.07,2022
1514,1.17,2022
1515,217448.38,2022
1516,0.19,2022
1517,141097.36,2022
1518,274.04,2022
1519,148.15,2022
1520,32063.24,2022
1521,6307.64,2022
1522,0.35,2022
1523,0.0,2022
1524,13.15,2022
1525,30.85,2022
1526,5.95,2022
1527,0.06,2022
1528,0.01,2022
1529,0.05,2022
1530,1.14,2022
1531,0.02,2022
1532,0.08,2022
1533,0.03,2022
1534,0.1,2022
1535,0.01,2022
1536,0.0,2022
1537,105.1,2022
1538,1.68,2022
1539,58.6,2022
1540,0.0,2022
1541,3.52,2022
1542,0.0,2022
1543,3.79,2022
1544,0.0,2022
1545,0.0,2022
1546,1.28,2022
1547,0.02,2022
1548,0.01,2022
1549,0.0,2022
1550,9.11,2022
1551,144.93,2022
1552,0.13,2022
1553,146.9,2022
1554,54.62,2022
1555,0.15,2022
1556,0.35,2022
1557,0.0,2022
1558,0.28,2022
1559,3226.16,2022
1560,0.0,2022
1561,128.45,2022
1562,0.29,2022
1563,0.51,2022
1564,13.37,2022
1565,0.0,2022
1566,0.55,2022
1567,0.19,2022
1568,5.72,2022
1569,0.38,2022
1570,5.11,2022
1571,0.0,2022
1572,10.74,2022
1573,6.07,2022
1574,6.54,2022
1575,4.53,2022
1576,0.0,2022
1577,0.03,2022
1578,1961.1,2022
1579,37.76,2022
1580,631.86,2022
1581,3035.55,2022
1582,230521.78,2022
1583,0.01,2022
1584,0.15,2022
1585,22.82,2022
1586,0.0,2022
1587,5632.84,2022
1588,116.56,2022
1589,0.0,2022
1590,0.13,2022
1591,41.91,2022
1592,0.0,2022
1593,193.08,2022
1594,0.03,2022
1595,0.07,2022
1596,38249.13,2022
1597,0.0,2022
1598,0.17,2022
1599,0.76,2022
1600,10.88,2022
1601,301.34,2022
1602,76.69,2022
1603,12.56,2022
1604,1.78,2022
1605,43521.96,2022
1606,205118.92,2022
1607,7.1,2022
1608,494.02,2022
1609,0.02,2022
1610,0.1,2022
1611,29.73,2022
1612,1.29,2022
1613,61.99,2022
1614,791493.8,2022
1615,0.0,2022
1616,0.01,2022
1617,27.38,2022
1618,32203.71,2022
1619,2.34,2022
1620,0.88,2022
1621,162.2,2022
1622,8.2,2022
1623,50.44,2022
1624,0.0,2022
1625,1703.42,2022
1626,0.0,2022
1627,0.12,2022
1628,0.04,2022
1629,0.68,2022
1630,3.88,2022
1631,0.0,2022
1632,1.86,2022
1633,515.32,2022
1634,0.01,2022
1635,4.42,2022
1636,5.17,2022
1637,0.04,2022
1638,4.88,2022
1639,282.71,2022
1640,475.24,2022
1641,0.0,2022
1642,0.05,2022
1643,432.27,2022
1644,0.01,2022
1645,18.94,2022
1646,16.67,2022
1647,0.22,2022
1648,0.02,2022
1649,183.55,2022
1650,1.34,2022
1651,136.21,2022
1652,0.06,2022
1653,0.0,2022
1654,0.0,2022
1655,255.54,2022
1656,0.0,2022
1657,765.3,2022
1658,0.13,2022
1659,7.09,2022
1660,6918.53,2022
1661,0.05,2022
1662,0.01,2022
1663,0.51,2022
1664,0.29,2022
1665,3.8,2022
1666,0.47,2022
1667,0.02,2022
1668,258.64,2022
1669,0.01,2022
1670,96.4,2022
1671,0.04,2022
1672,0.03,2022
1673,0.82,2022
1674,304.63,2022
1675,0.5,2022
1676,0.0,2022
1677,0.0,2022
1678,0.31,2022
1679,0.02,2022
1680,3.09,2022
1681,10527.77,2022
1682,0.0,2022
1683,1.66,2022
1684,0.25,2022
1685,0.02,2022
1686,1.02,2022
1687,0.15,2022
1688,0.41,2022
1689,3.45,2022
1690,0.0,2022
1691,0.11,2022
1692,0.97,2022
1693,0.37,2022
1694,0.0,2022
1695,5.83,2022
1696,798.9,2022
1697,3.15,2022
1698,0.88,2022
1699,3.36,2022
1700,329.94,2022
1701,0.0,2022
1702,311.88,2022
1703,0.0,2022
1704,3.02,2022
1705,11.54,2022
1706,0.11,2022
1707,0.01,2022
1708,0.17,2022
1709,0.11,2022
1710,5.6,2022
1711,0.0,2022
1712,2.44,2022
1713,0.0,2022
1714,966.6,2022
1715,0.02,2022
1716,0.0,2022
1717,1.63,2022
1718,500.9,2022
1719,0.01,2022
1720,0.0,2022
1721,0.0,2022
1722,0.0,2022
1723,1.51,2022
1724,0.0,2022
1725,0.04,2022
1726,138.05,2022
1727,0.01,2022
1728,82.79,2022
1729,0.01,2022
1730,0.02,2022
1731,0.18,2022
1732,0.0,2022
1733,5111.28,2022
1734,0.38,2022
1735,91.75,2022
1736,0.74,2022
1737,4.63,2022
1738,1.63,2022
1739,0.34,2022
1740,4800.39,2022
1741,0.0,2022
1742,3565.89,2022
1743,0.07,2022
1744,84.51,2022
1745,0.0,2022
1746,0.07,2022
1747,107.77,2022
1748,0.0,2022
1749,0.0,2022
1750,0.0,2022
1751,1.44,2022
1752,0.31,2022
1753,0.31,2022
1754,0.01,2022
1755,0.0,2022
1756,0.0,2022
1757,0.03,2022
1758,0.0,2022
1759,291729.12,2022
1760,0.0,2022
1761,74.96,2022
1762,0.03,2022
1763,0.11,2022
1764,44.67,2022
1765,10328.04,2022
1766,0.0,2022
1767,17.57,2022
1768,0.01,2022
1769,9.64,2022
1770,0.01,2022
1771,15934.3,2022
1772,41.48,2022
1773,0.12,2022
1774,0.0,2022
1775,123.42,2022
1776,0.0,2022
1777,0.73,2022
1778,3570.47,2022
1779,0.0,2022
1780,0.0,2022
1781,0.16,2022
1782,48.38,2022
1783,0.01,2022
1784,0.0,2022
1785,0.0,2022
1786,0.01,2022
1787,15.91,2022
1788,1.11,2022
1789,0.43,2022
1790,1.26,2022
1791,0.0,2022
1792,6.59,2022
1793,1.55,2022
1794,0.12,2022
1795,3.9,2022
1796,0.65,2022
1797,24.66,2022
1798,0.42,2022
1799,0.11,2022
1800,202.2,2022
1801,0.01,2022
1802,2.47,2022
1803,5.88,2022
1804,0.41,2022
1805,0.72,2022
1806,0.0,2022
1807,0.0,2022
1808,0.55,2022
1809,0.0,2022
1810,25.41,2022
1811,0.09,2022
1812,9.17,2022
1813,0.02,2022
1814,0.0,2022
1815,102.06,2022
1816,3165.41,2022
1817,471.77,2022
1818,0.14,2022
1819,0.01,2022
1820,0.0,2022
1821,1.32,2022
1822,0.0,2022
1823,0.0,2022
1824,767728.4,2022
1825,0.01,2022
1826,0.01,2022
1827,0.0,2022
1828,2.52,2022
1829,31.53,2022
1830,0.11,2022
1831,0.03,2022
1832,0.57,2022
1833,0.04,2022
1834,0.06,2022
1835,0.0,2022
1836,26863.44,2022
1837,0.0,2022
1838,6.37,2022
1839,1096.81,2022
1840,0.04,2022
1841,0.0,2022
1842,0.0,2022
1843,0.03,2022
1844,0.03,2022
1845,233.35,2022
1846,0.0,2022
1847,0.0,2022
1848,0.0,2022
1849,0.0,2022
1850,8.28,2022
1851,169.76,2022
1852,0.0,2022
1853,0.01,2022
1854,35.97,2022
1855,0.0,2022
1856,6.33,2022
1857,0.16,2022
1858,20.11,2022
1859,0.81,2022
1860,5891.85,2022
1861,0.02,2022
1862,0.12,2022
1863,0.01,2022
1864,1619.45,2022
1865,0.28,2022
1866,0.0,2022
1867,11076.0,2022
1868,96.98,2022
1869,0.15,2022
1870,0.01,2022
1871,0.33,2022
1872,0.01,2022
1873,0.01,2022
1874,10434.64,2022
1875,180677.05,2022
1876,2.42,2022
1877,0.0,2022
1878,16.15,2022
1879,17655.12,2022
1880,0.0,2022
1881,1209.65,2022
1882,22.05,2022
1883,205.91,2022
1884,307.5,2022
1885,0.01,2022
1886,15.3,2022
1887,0.45,2022
1888,1.19,2022
1889,2.44,2022
1890,0.1,2022
1891,5.5,2022
1892,3780.71,2022
1893,0.0,2022
1894,28.45,2022
1895,0.0,2022
1896,0.0,2022
1897,4.93,2022
1898,1.29,2022
1899,0.4,2022
1900,3291.98,2022
1901,1.02,2022
1902,2.84,2022
1903,0.0,2022
1904,0.0,2022
1905,1.01,2022
1906,1.04,2022
1907,1.13,2022
1908,8.81,2022
1909,0.1,2022
1910,0.21,2022
1911,0.0,2022
1912,3.71,2022
1913,0.1,2022
1914,58.72,2022
1915,5.81,2022
1916,179.99,2022
1917,0.93,2022
1918,0.31,2022
1919,1669.19,2022
1920,346.77,2022
1921,0.0,2022
1922,0.13,2022
1923,4.13,2022
1924,0.0,2022
1925,0.05,2022
1926,0.06,2022
1927,2.46,2022
1928,0.43,2022
1929,0.12,2022
1930,0.01,2022
1931,0.05,2022
1932,0.03,2022
1933,8802.22,2022
1934,8007.46,2022
1935,28.97,2022
1936,0.0,2022
1937,0.01,2022
1938,10.92,2022
1939,0.12,2022
1940,6.28,2022
1941,1.46,2022
1942,0.0,2022
1943,1296.69,2022
1944,0.08,2022
1945,0.01,2022
1946,0.0,2022
1947,8.89,2022
1948,8.62,2022
1949,111.89,2022
1950,114.11,2022
1951,0.0,2022
1952,0.0,2022
1953,3587.16,2022
1954,0.0,2022
1955,0.02,2022
1956,2.72,2022
1957,5.44,2022
1958,5.43,2022
1959,2.83,2022
1960,0.06,2022
1961,0.0,2022
1962,0.35,2022
1963,68.37,2022
1964,41.06,2022
1965,0.02,2022
1966,0.63,2022
1967,4620.05,2022
1968,46.78,2022
1969,0.44,2022
1970,0.1,2022
1971,0.02,2022
1972,62251.9,2022
1973,0.01,2022
1974,0.17,2022
1975,23.72,2022
1976,0.0,2022
1977,7305.38,2022
1978,0.0,2022
1979,0.0,2022
1980,0.18,2022
1981,0.0,2022
1982,0.05,2022
1983,52.08,2022
1984,0.05,2022
1985,0.0,2022
1986,0.01,2022
1987,0.0,2022
1988,13982961.0,2022
1989,0.0,2022
1990,0.0,2022
1991,0.0,2022
1992,0.01,2022
1993,14.59,2022
1994,0.01,2022
1995,10.12,2022
1996,0.0,2022
1997,0.07,2022
1998,3.88,2022
1999,162.26,2022
2000,0.0,2022
2001,0.0,2022
2002,1110.13,2022
2003,0.0,2022
2004,0.0,2022
2005,0.0,2022
2006,37598.0,2022
2007,21.2,2022
2008,165.81,2022
2009,72.27,2022
2010,175.12,2022
2011,2.27,2022
2012,0.01,2022
2013,189.94,2022
2014,0.45,2022
2015,96.96,2022
2016,0.0,2022
2017,0.98,2022
2018,4.96,2022
2019,0.03,2022
2020,71.97,2022
2021,0.0,2022
2022,0.02,2022
2023,384.3,2022
2024,13.65,2022
2025,0.01,2022
2026,0.23,2022
2027,0.44,2022
2028,0.0,2022
2029,1042.6,2022
2030,0.85,2022
2031,0.48,2022
2032,0.55,2022
2033,7.42,2022
2034,5.84,2022
2035,15079.19,2022
2036,487.29,2022
2037,0.14,2022
2038,0.01,2022
2039,1.7,2022
2040,0.0,2022
2041,3.72,2022
2042,0.0,2022
2043,0.19,2022
2044,0.0,2022
2045,24.1,2022
2046,7.14,2022
2047,5935.87,2022
2048,11655.03,2022
2049,11673.58,2022
2050,3.68,2022
2051,0.07,2022
2052,0.45,2022
2053,936.93,2022
2054,0.0,2022
2055,0.26,2022
2056,0.08,2022
2057,0.71,2022
2058,15.97,2022
2059,1720.4,2022
2060,0.02,2022
2061,1.26,2022
2062,0.14,2022
2063,0.0,2022
2064,2.31,2022
2065,0.0,2022
2066,51.5,2022
2067,0.65,2022
2068,15.59,2022
2069,714.64,2022
2070,0.0,2022
2071,2035.21,2022
2072,52.51,2022
2073,1.43,2022
2074,878.76,2022
2075,0.64,2022
2076,1.22,2022
2077,1.15,2022
2078,0.0,2022
2079,0.01,2022
2080,0.0,2022
2081,5.43,2022
2082,0.75,2022
2083,7.33,2022
2084,0.06,2022
2085,0.0,2022
2086,0.0,2022
2087,0.01,2022
2088,5635.02,2022
2089,15.8,2022
2090,0.0,2022
2091,419.86,2022
2092,0.1,2022
2093,0.14,2022
2094,3925.4,2022
2095,0.03,2022
2096,0.0,2022
2097,8300304.5,2022
2098,0.66,2022
2099,293.79,2022
2100,62.69,2022
2101,1.76,2022
2102,360.44,2022
2103,419.86,2022
2104,274.49,2022
2105,0.0,2022
2106,0.01,2022
2107,192.19,2022
2108,0.01,2022
0,0.04,2023
1,0.02,2023
2,2051.57,2023
3,3.24,2023
4,0.01,2023
5,5.34,2023
6,2.77,2023
7,0.54,2023
8,1.46,2023
9,2.83,2023
10,0.0,2023
11,0.01,2023
12,0.06,2023
13,26928.42,2023
14,0.01,2023
15,10537.88,2023
16,0.31,2023
17,8.65,2023
18,30.14,2023
19,0.0,2023
20,0.47,2023
21,0.54,2023
22,3.1,2023
23,4.61,2023
24,11.14,2023
25,2.76,2023
26,127.23,2023
27,0.0,2023
28,0.0,2023
29,15.2,2023
30,0.92,2023
31,0.14,2023
32,0.02,2023
33,5.11,2023
34,4.9,2023
35,2.03,2023
36,13.05,2023
37,0.0,2023
38,206.8,2023
39,176.54,2023
40,0.15,2023
41,0.0,2023
42,151.71,2023
43,0.0,2023
44,0.03,2023
45,0.22,2023
46,0.04,2023
47,0.03,2023
48,1.75,2023
49,0.03,2023
50,3.33,2023
51,0.0,2023
52,11130.73,2023
53,0.0,2023
54,2.57,2023
55,0.15,2023
56,0.01,2023
57,0.01,2023
58,27.26,2023
59,476202.25,2023
60,28.98,2023
61,73.53,2023
62,1.86,2023
63,53.33,2023
64,4.23,2023
65,0.1,2023
66,0.38,2023
67,0.0,2023
68,0.03,2023
69,0.95,2023
70,8.6,2023
71,1.41,2023
72,0.3,2023
73,0.56,2023
74,5.05,2023
75,0.69,2023
76,0.03,2023
77,19.66,2023
78,132.14,2023
79,0.0,2023
80,0.07,2023
81,0.0,2023
82,0.09,2023
83,0.94,2023
84,0.03,2023
85,1.54,2023
86,99.07,2023
87,911.54,2023
88,0.01,2023
89,790.89,2023
90,0.1,2023
91,0.01,2023
92,100.26,2023
93,42.07,2023
94,0.01,2023
95,27.18,2023
96,13.13,2023
97,0.35,2023
98,1.77,2023
99,1.25,2023
100,1.0,2023
101,0.17,2023
102,0.01,2023
103,167.88,2023
104,31393.85,2023
105,4.89,2023
106,1758.08,2023
107,7.53,2023
108,0.0,2023
109,7.9,2023
110,0.07,2023
111,0.0,2023
112,0.62,2023
113,0.01,2023
114,0.02,2023
115,0.11,2023
116,30920.04,2023
117,1258.55,2023
118,5405.88,2023
119,380.2,2023
120,438.59,2023
121,14898.47,2023
122,0.04,2023
123,0.0,2023
124,2.44,2023
125,3.68,2023
126,0.04,2023
127,0.77,2023
128,9.3,2023
129,1035.54,2023
130,0.0,2023
131,0.0,2023
132,0.01,2023
133,1051.81,2023
134,39526.38,2023
135,0.01,2023
136,43.07,2023
137,246.53,2023
138,2.24,2023
139,15.06,2023
140,0.24,2023
141,0.03,2023
142,0.23,2023
143,1.0,2023
144,46.51,2023
145,1006.26,2023
146,0.02,2023
147,6773767.5,2023
148,0.33,2023
149,0.0,2023
150,0.0,2023
151,0.6,2023
152,0.03,2023
153,108.17,2023
154,13.71,2023
155,31.49,2023
156,469.17,2023
157,9.1,2023
158,0.0,2023
159,8.75,2023
160,17.42,2023
161,0.28,2023
162,2.22,2023
163,168550.1,2023
164,0.0,2023
165,0.01,2023
166,4155.82,2023
167,0.01,2023
168,0.37,2023
169,45.41,2023
170,28.65,2023
171,1.79,2023
172,252.72,2023
173,0.0,2023
174,0.32,2023
175,0.0,2023
176,0.15,2023
177,0.03,2023
178,0.13,2023
179,0.0,2023
180,0.12,2023
181,0.0,2023
182,0.0,2023
183,2.41,2023
184,0.33,2023
185,7.79,2023
186,880.47,2023
187,202.38,2023
188,174.67,2023
189,0.01,2023
190,0.01,2023
191,0.09,2023
192,0.04,2023
193,49.77,2023
194,0.06,2023
195,15.81,2023
196,13.56,2023
197,13.41,2023
198,35986.33,2023
199,2.45,2023
200,0.02,2023
201,0.04,2023
202,0.02,2023
203,6554.26,2023
204,0.21,2023
205,0.01,2023
206,6.32,2023
207,33967.68,2023
208,1.62,2023
209,17.71,2023
210,0.39,2023
211,7336.49,2023
212,125936.38,2023
213,0.21,2023
214,1.46,2023
215,0.08,2023
216,1.19,2023
217,2.28,2023
218,42.2,2023
219,0.13,2023
220,10.95,2023
221,0.01,2023
222,0.07,2023
223,0.02,2023
224,0.0,2023
225,5397.07,2023
226,84612.12,2023
227,0.0,2023
228,0.01,2023
229,0.84,2023
230,0.0,2023
231,2220182.8,2023
232,204.78,2023
233,1.02,2023
234,2853.31,2023
235,115.6,2023
236,186.6,2023
237,0.03,2023
238,13.25,2023
239,302.39,2023
240,0.29,2023
241,2.57,2023
242,1.13,2023
243,69.38,2023
244,0.0,2023
245,0.0,2023
246,0.02,2023
247,0.07,2023
248,3.24,2023
249,0.0,2023
250,2.08,2023
251,0.0,2023
252,358.05,2023
253,2.35,2023
254,0.13,2023
255,0.01,2023
256,0.33,2023
257,1.09,2023
258,8.23,2023
259,18764.01,2023
260,0.0,2023
261,5185.61,2023
262,676673.25,2023
263,0.0,2023
264,159.4,2023
265,0.37,2023
266,1.35,2023
267,0.02,2023
268,740.59,2023
269,0.0,2023
270,0.29,2023
271,0.0,2023
272,37.64,2023
273,0.4,2023
274,244.13,2023
275,15.02,2023
276,0.08,2023
277,0.0,2023
278,10.88,2023
279,0.0,2023
280,0.41,2023
281,846.03,2023
282,0.05,2023
283,0.0,2023
284,1.25,2023
285,0.0,2023
286,0.28,2023
287,1.87,2023
288,3.49,2023
289,0.06,2023
290,0.0,2023
291,0.01,2023
292,0.02,2023
293,0.0,2023
294,0.07,2023
295,0.05,2023
296,0.0,2023
297,0.0,2023
298,0.0,2023
299,5.26,2023
300,0.0,2023
301,0.0,2023
302,158670.12,2023
303,0.01,2023
304,5341.15,2023
305,0.02,2023
306,0.87,2023
307,0.56,2023
308,3.37,2023
309,0.07,2023
310,434.21,2023
311,2.74,2023
312,43366.88,2023
313,3.37,2023
314,0.0,2023
315,1.38,2023
316,0.06,2023
317,0.22,2023
318,0.0,2023
319,38.45,2023
320,0.0,2023
321,0.07,2023
322,0.41,2023
323,62.85,2023
324,0.0,2023
325,0.07,2023
326,0.0,2023
327,0.03,2023
328,0.16,2023
329,1.73,2023
330,0.45,2023
331,0.0,2023
332,0.0,2023
333,0.23,2023
334,0.6,2023
335,4.19,2023
336,0.0,2023
337,106129.2,2023
338,0.14,2023
339,2039.94,2023
340,0.01,2023
341,0.0,2023
342,0.0,2023
343,0.0,2023
344,0.01,2023
345,0.02,2023
346,0.0,2023
347,3.13,2023
348,0.0,2023
349,0.96,2023
350,4.01,2023
351,0.82,2023
352,3.58,2023
353,2.38,2023
354,1.4,2023
355,0.01,2023
356,2.13,2023
357,45.71,2023
358,115.39,2023
359,2.23,2023
360,208.25,2023
361,25.1,2023
362,506.36,2023
363,1.08,2023
364,0.91,2023
365,0.67,2023
366,2.45,2023
367,0.01,2023
368,0.15,2023
369,0.09,2023
370,0.01,2023
371,2.26,2023
372,0.0,2023
373,34.06,2023
374,3.46,2023
375,0.08,2023
376,20.37,2023
377,0.81,2023
378,0.07,2023
379,1.44,2023
380,0.0,2023
381,79.16,2023
382,0.02,2023
383,0.0,2023
384,0.66,2023
385,0.0,2023
386,27.37,2023
387,2.95,2023
388,7.17,2023
389,0.26,2023
390,18.39,2023
391,6340.96,2023
392,6.5,2023
393,0.0,2023
394,18.05,2023
395,0.53,2023
396,4.37,2023
397,0.1,2023
398,82.7,2023
399,0.04,2023
400,0.11,2023
401,237.03,2023
402,0.09,2023
403,0.09,2023
404,28.64,2023
405,0.02,2023
406,0.25,2023
407,0.41,2023
408,21.69,2023
409,0.03,2023
410,0.05,2023
411,0.0,2023
412,251.51,2023
413,5.62,2023
414,9.53,2023
415,65.67,2023
416,11.49,2023
417,3205.45,2023
418,0.0,2023
419,16.65,2023
420,11.23,2023
421,0.15,2023
422,0.35,2023
423,21.62,2023
424,0.13,2023
425,0.97,2023
426,58309.5,2023
427,26.5,2023
428,0.0,2023
429,12101.19,2023
430,0.0,2023
431,15.29,2023
432,0.0,2023
433,0.04,2023
434,0.02,2023
435,0.07,2023
436,0.13,2023
437,0.13,2023
438,5544.11,2023
439,0.0,2023
440,0.15,2023
441,0.17,2023
442,0.03,2023
443,14.64,2023
444,3.11,2023
445,0.0,2023
446,12.58,2023
447,0.03,2023
448,13.0,2023
449,1.34,2023
450,79.91,2023
451,0.38,2023
452,0.08,2023
453,0.19,2023
454,0.0,2023
455,74.85,2023
456,0.0,2023
457,0.02,2023
458,0.02,2023
459,0.85,2023
460,0.02,2023
461,30.12,2023
462,0.0,2023
463,822.13,2023
464,325.65,2023
465,1.55,2023
466,125208.04,2023
467,3771.42,2023
468,0.01,2023
469,0.14,2023
470,18.49,2023
471,6.1,2023
472,14.33,2023
473,2.23,2023
474,4.01,2023
475,3.59,2023
476,0.0,2023
477,9.41,2023
478,0.0,2023
479,1.82,2023
480,0.0,2023
481,0.09,2023
482,14.56,2023
483,86.95,2023
484,8.27,2023
485,1973.02,2023
486,0.82,2023
487,193.57,2023
488,25.66,2023
489,0.0,2023
490,0.27,2023
491,5.2,2023
492,0.09,2023
493,0.03,2023
494,53.06,2023
495,0.05,2023
496,0.85,2023
497,0.0,2023
498,33.27,2023
499,0.06,2023
500,0.01,2023
501,0.02,2023
502,0.42,2023
503,25.7,2023
504,0.44,2023
505,1.22,2023
506,191156.31,2023
507,253.14,2023
508,28.02,2023
509,15943.35,2023
510,0.04,2023
511,0.03,2023
512,0.15,2023
513,1.88,2023
514,0.0,2023
515,1.68,2023
516,0.0,2023
517,1.9,2023
518,0.25,2023
519,40.21,2023
520,2.43,2023
521,1197.35,2023
522,0.08,2023
523,0.0,2023
524,164.53,2023
525,0.0,2023
526,1254.6,2023
527,11366.44,2023
528,330.72,2023
529,0.1,2023
530,44.62,2023
531,1.64,2023
532,0.88,2023
533,1864.36,2023
534,0.0,2023
535,0.0,2023
536,2.33,2023
537,27.82,2023
538,0.03,2023
539,0.0,2023
540,0.77,2023
541,0.51,2023
542,0.19,2023
543,0.0,2023
544,2.51,2023
545,0.0,2023
546,3.71,2023
547,249.56,2023
548,11349.88,2023
549,16.58,2023
550,0.01,2023
551,153.17,2023
552,0.0,2023
553,0.0,2023
554,71.81,2023
555,0.04,2023
556,0.01,2023
557,23.24,2023
558,25964.29,2023
559,0.77,2023
560,0.89,2023
561,0.0,2023
562,25.24,2023
563,0.09,2023
564,10.67,2023
565,3.88,2023
566,3.14,2023
567,0.01,2023
568,5.56,2023
569,0.0,2023
570,0.05,2023
571,0.03,2023
572,6.24,2023
573,2.83,2023
574,0.07,2023
575,0.19,2023
576,124.64,2023
577,3.83,2023
578,3.74,2023
579,1900.7,2023
580,0.02,2023
581,227.85,2023
582,0.01,2023
583,169.78,2023
584,16.94,2023
585,1.94,2023
586,0.0,2023
587,0.03,2023
588,0.09,2023
589,0.02,2023
590,0.01,2023
591,66.04,2023
592,0.03,2023
593,0.01,2023
594,3.04,2023
595,7.68,2023
596,0.0,2023
597,0.0,2023
598,0.02,2023
599,0.01,2023
600,0.16,2023
601,0.35,2023
602,109.32,2023
603,24.42,2023
604,249.95,2023
605,0.94,2023
606,0.0,2023
607,32.04,2023
608,0.0,2023
609,0.0,2023
610,0.0,2023
611,1.91,2023
612,0.0,2023
613,0.37,2023
614,0.11,2023
615,0.02,2023
616,0.63,2023
617,0.0,2023
618,0.41,2023
619,0.46,2023
620,0.01,2023
621,444.51,2023
622,0.0,2023
623,61.02,2023
624,1.92,2023
625,128.62,2023
626,87.15,2023
627,0.0,2023
628,55.42,2023
629,321991.53,2023
630,16.76,2023
631,0.1,2023
632,107.1,2023
633,90.01,2023
634,0.05,2023
635,11.0,2023
636,3.04,2023
637,15.18,2023
638,95.85,2023
639,5.58,2023
640,32.93,2023
641,31.88,2023
642,0.0,2023
643,0.0,2023
644,0.0,2023
645,0.11,2023
646,487.95,2023
647,0.06,2023
648,2.22,2023
649,463.02,2023
650,5.42,2023
651,819.75,2023
652,0.0,2023
653,1.62,2023
654,0.17,2023
655,0.0,2023
656,19.4,2023
657,0.53,2023
658,0.54,2023
659,0.01,2023
660,24.74,2023
661,0.0,2023
662,0.54,2023
663,0.48,2023
664,0.13,2023
665,0.22,2023
666,0.0,2023
667,2.22,2023
668,0.92,2023
669,0.19,2023
670,142.69,2023
671,95.37,2023
672,22.85,2023
673,0.23,2023
674,970.38,2023
675,0.22,2023
676,0.04,2023
677,4971.84,2023
678,5.44,2023
679,0.26,2023
680,0.72,2023
681,474.2,2023
682,1.55,2023
683,0.0,2023
684,1.69,2023
685,0.0,2023
686,0.0,2023
687,1342.08,2023
688,0.0,2023
689,0.0,2023
690,0.14,2023
691,0.0,2023
692,55245.82,2023
693,0.75,2023
694,0.26,2023
695,0.0,2023
696,0.07,2023
697,0.02,2023
698,6.78,2023
699,0.67,2023
700,0.0,2023
701,267.58,2023
702,0.05,2023
703,46.53,2023
704,81.15,2023
705,0.25,2023
706,885.16,2023
707,0.0,2023
708,1.23,2023
709,0.01,2023
710,0.91,2023
711,4544.7,2023
712,0.18,2023
713,0.02,2023
714,0.1,2023
715,0.0,2023
716,41.62,2023
717,1609.79,2023
718,0.0,2023
719,1.82,2023
720,0.05,2023
721,42.82,2023
722,0.03,2023
723,0.0,2023
724,0.01,2023
725,81616.74,2023
726,0.01,2023
727,12.62,2023
728,64.88,2023
729,0.32,2023
730,11.47,2023
731,3.31,2023
732,11.19,2023
733,15.58,2023
734,32.82,2023
735,0.01,2023
736,224.73,2023
737,6.31,2023
738,34.09,2023
739,273.47,2023
740,1.78,2023
741,20.66,2023
742,0.02,2023
743,0.02,2023
744,0.14,2023
745,0.0,2023
746,0.01,2023
747,0.0,2023
748,30.49,2023
749,0.04,2023
750,1.13,2023
751,5.42,2023
752,0.0,2023
753,22.6,2023
754,15.6,2023
755,18.39,2023
756,0.01,2023
757,0.87,2023
758,0.0,2023
759,0.01,2023
760,56456.94,2023
761,0.01,2023
762,1.71,2023
763,3.66,2023
764,2.55,2023
765,0.0,2023
766,0.0,2023
767,5978.49,2023
768,0.03,2023
769,17138.56,2023
770,23.22,2023
771,0.03,2023
772,8.76,2023
773,4.85,2023
774,0.0,2023
775,0.0,2023
776,0.0,2023
777,0.16,2023
778,431.42,2023
779,0.0,2023
780,466.3,2023
781,129.86,2023
782,0.0,2023
783,2.0,2023
784,0.0,2023
785,0.32,2023
786,195.82,2023
787,0.0,2023
788,0.25,2023
789,0.0,2023
790,117.23,2023
791,27.66,2023
792,16.69,2023
793,0.14,2023
794,81.39,2023
795,95298.69,2023
796,1.26,2023
797,23020.34,2023
798,0.26,2023
799,93.4,2023
800,53.37,2023
801,0.09,2023
802,0.01,2023
803,0.01,2023
804,16.43,2023
805,0.31,2023
806,80.5,2023
807,3.41,2023
808,0.04,2023
809,6.42,2023
810,0.02,2023
811,6.72,2023
812,16.76,2023
813,0.03,2023
814,0.0,2023
815,0.0,2023
816,23.4,2023
817,0.01,2023
818,1.69,2023
819,0.04,2023
820,3062470.5,2023
821,49.41,2023
822,7.91,2023
823,1.82,2023
824,163.82,2023
825,0.31,2023
826,0.63,2023
827,429.05,2023
828,0.08,2023
829,0.03,2023
830,2.45,2023
831,0.61,2023
832,42.16,2023
833,0.06,2023
834,0.01,2023
835,115.6,2023
836,6.08,2023
837,1.93,2023
838,0.12,2023
839,0.0,2023
840,0.08,2023
841,16.93,2023
842,0.0,2023
843,0.0,2023
844,1.01,2023
845,4.57,2023
846,3.56,2023
847,0.08,2023
848,3213.05,2023
849,0.56,2023
850,0.01,2023
851,0.02,2023
852,0.0,2023
853,1894453.8,2023
854,0.0,2023
855,0.03,2023
856,91.92,2023
857,0.0,2023
858,0.0,2023
859,0.0,2023
860,2.27,2023
861,0.0,2023
862,54521.02,2023
863,0.02,2023
864,0.0,2023
865,0.03,2023
866,3.49,2023
867,2373.45,2023
868,4.98,2023
869,0.0,2023
870,9863.62,2023
871,0.35,2023
872,25.34,2023
873,0.16,2023
874,23.29,2023
875,0.0,2023
876,0.05,2023
877,0.81,2023
878,0.91,2023
879,1.79,2023
880,0.0,2023
881,132.11,2023
882,0.0,2023
883,0.0,2023
884,5788.87,2023
885,1.0,2023
886,3.45,2023
887,0.0,2023
888,2.76,2023
889,7.47,2023
890,0.68,2023
891,0.0,2023
892,0.01,2023
893,0.31,2023
894,0.33,2023
895,0.35,2023
896,0.93,2023
897,0.1,2023
898,0.0,2023
899,5095.2,2023
900,0.17,2023
901,16.6,2023
902,0.0,2023
903,0.0,2023
904,0.0,2023
905,9.21,2023
906,311.04,2023
907,17.85,2023
908,810.11,2023
909,0.0,2023
910,756.45,2023
911,0.0,2023
912,0.02,2023
913,0.33,2023
914,4571.48,2023
915,0.01,2023
916,8.91,2023
917,0.72,2023
918,4.18,2023
919,40.3,2023
920,1.79,2023
921,5.22,2023
922,7.04,2023
923,19224.34,2023
924,0.0,2023
925,17.69,2023
926,0.13,2023
927,828.16,2023
928,0.0,2023
929,0.0,2023
930,0.0,2023
931,0.0,2023
932,0.0,2023
933,0.02,2023
934,0.01,2023
935,0.16,2023
936,9.46,2023
937,0.0,2023
938,9.72,2023
939,0.0,2023
940,3.29,2023
941,122508.97,2023
942,0.36,2023
943,0.0,2023
944,71.44,2023
945,0.25,2023
946,0.0,2023
947,0.57,2023
948,0.04,2023
949,9.84,2023
950,7.06,2023
951,534.8,2023
952,14404.16,2023
953,3.72,2023
954,0.01,2023
955,125.57,2023
956,25.34,2023
957,50.77,2023
958,0.93,2023
959,0.01,2023
960,13.16,2023
961,0.01,2023
962,0.01,2023
963,4.92,2023
964,2.39,2023
965,0.0,2023
966,0.02,2023
967,0.01,2023
968,11.83,2023
969,434947.12,2023
970,65.99,2023
971,65.43,2023
972,0.05,2023
973,6259241.0,2023
974,1.46,2023
975,0.19,2023
976,0.0,2023
977,0.0,2023
978,0.06,2023
979,10.8,2023
980,185.07,2023
981,335.48,2023
982,3.08,2023
983,0.01,2023
984,0.01,2023
985,0.02,2023
986,0.08,2023
987,10.74,2023
988,0.02,2023
989,0.07,2023
990,26.41,2023
991,1.7,2023
992,56.42,2023
993,4.52,2023
994,3043.11,2023
995,18.09,2023
996,0.09,2023
997,0.04,2023
998,0.36,2023
999,52661.22,2023
1000,0.1,2023
1001,1.27,2023
1002,2.78,2023
1003,6.98,2023
1004,92.36,2023
1005,30.24,2023
1006,0.01,2023
1007,0.29,2023
1008,183151.28,2023
1009,3.55,2023
1010,30243.88,2023
1011,1315.35,2023
1012,7.8,2023
1013,88.49,2023
1014,22.77,2023
1015,0.0,2023
1016,0.0,2023
1017,25.81,2023
1018,0.34,2023
1019,4840.11,2023
1020,0.0,2023
1021,0.01,2023
1022,0.08,2023
1023,0.04,2023
1024,0.42,2023
1025,590.0,2023
1026,1.65,2023
1027,23891.45,2023
1028,13.68,2023
1029,1342.87,2023
1030,1.97,2023
1031,0.0,2023
1032,38.67,2023
1033,344.45,2023
1034,3.77,2023
1035,18.04,2023
1036,0.01,2023
1037,0.14,2023
1038,280.42,2023
1039,0.0,2023
1040,1.15,2023
1041,0.0,2023
1042,0.06,2023
1043,0.0,2023
1044,263.9,2023
1045,0.06,2023
1046,9.86,2023
1047,27.61,2023
1048,4819.89,2023
1049,0.0,2023
1050,0.0,2023
1051,0.3,2023
1052,23635.82,2023
1053,0.21,2023
1054,95.71,2023
1055,11000.59,2023
1056,3717.92,2023
1057,7.23,2023
1058,0.0,2023
1059,0.12,2023
1060,0.58,2023
1061,5.43,2023
1062,2237.56,2023
1063,0.0,2023
1064,5.7,2023
1065,0.23,2023
1066,0.23,2023
1067,0.0,2023
1068,0.29,2023
1069,0.14,2023
1070,0.46,2023
1071,0.0,2023
1072,3.86,2023
1073,323.39,2023
1074,0.0,2023
1075,1.08,2023
1076,8.14,2023
1077,0.17,2023
1078,3.73,2023
1079,0.06,2023
1080,0.71,2023
1081,0.61,2023
1082,14480586.0,2023
1083,0.88,2023
1084,0.21,2023
1085,1269.69,2023
1086,3.38,2023
1087,23.61,2023
1088,33.66,2023
1089,0.0,2023
1090,0.0,2023
1091,1.9,2023
1092,16.53,2023
1093,0.03,2023
1094,0.04,2023
1095,0.01,2023
1096,85.36,2023
1097,0.07,2023
1098,17.92,2023
1099,5.11,2023
1100,0.1,2023
1101,0.0,2023
1102,1039756.3,2023
1103,0.04,2023
1104,0.09,2023
1105,3.66,2023
1106,9.17,2023
1107,0.58,2023
1108,61.96,2023
1109,0.01,2023
1110,40.68,2023
1111,0.0,2023
1112,1473479.6,2023
1113,0.0,2023
1114,0.45,2023
1115,5.66,2023
1116,0.0,2023
1117,145.15,2023
1118,0.89,2023
1119,0.03,2023
1120,0.08,2023
1121,0.29,2023
1122,0.0,2023
1123,14.04,2023
1124,0.06,2023
1125,0.4,2023
1126,2100.59,2023
1127,297.8,2023
1128,0.17,2023
1129,3674.52,2023
1130,0.06,2023
1131,0.03,2023
1132,15.63,2023
1133,2.27,2023
1134,0.67,2023
1135,105.29,2023
1136,0.55,2023
1137,0.0,2023
1138,18.11,2023
1139,0.05,2023
1140,0.23,2023
1141,89.9,2023
1142,8448.38,2023
1143,3.36,2023
1144,4115.77,2023
1145,0.0,2023
1146,0.0,2023
1147,0.0,2023
1148,0.0,2023
1149,0.16,2023
1150,0.23,2023
1151,9.74,2023
1152,5896.06,2023
1153,0.97,2023
1154,0.17,2023
1155,0.0,2023
1156,0.31,2023
1157,198.43,2023
1158,2.83,2023
1159,0.29,2023
1160,1.38,2023
1161,0.05,2023
1162,0.02,2023
1163,19.64,2023
1164,0.29,2023
1165,0.0,2023
1166,0.04,2023
1167,138.93,2023
1168,26.7,2023
1169,0.0,2023
1170,0.34,2023
1171,0.0,2023
1172,2.02,2023
1173,0.03,2023
1174,0.0,2023
1175,31.14,2023
1176,188229.84,2023
1177,1.58,2023
1178,0.01,2023
1179,1686.98,2023
1180,34.32,2023
1181,0.05,2023
1182,1.02,2023
1183,60.45,2023
1184,13.59,2023
1185,2.95,2023
1186,14.61,2023
1187,0.0,2023
1188,0.0,2023
1189,22.42,2023
1190,3.55,2023
1191,7.77,2023
1192,0.0,2023
1193,1282.63,2023
1194,8.24,2023
1195,0.02,2023
1196,0.01,2023
1197,3.97,2023
1198,0.0,2023
1199,56.71,2023
1200,43.41,2023
1201,56.52,2023
1202,0.0,2023
1203,0.02,2023
1204,22.52,2023
1205,5887.39,2023
1206,104.92,2023
1207,34077.99,2023
1208,0.02,2023
1209,115.71,2023
1210,4.64,2023
1211,194.62,2023
1212,16.42,2023
1213,2.89,2023
1214,2404157.0,2023
1215,0.0,2023
1216,29.16,2023
1217,0.01,2023
1218,0.01,2023
1219,2.54,2023
1220,0.08,2023
1221,0.39,2023
1222,195.81,2023
1223,0.91,2023
1224,67.0,2023
1225,0.0,2023
1226,0.0,2023
1227,0.02,2023
1228,147.45,2023
1229,0.94,2023
1230,0.16,2023
1231,1483.83,2023
1232,0.0,2023
1233,12.86,2023
1234,0.91,2023
1235,0.0,2023
1236,3.19,2023
1237,0.03,2023
1238,0.0,2023
1239,0.49,2023
1240,8.09,2023
1241,0.0,2023
1242,0.09,2023
1243,0.11,2023
1244,7.7,2023
1245,0.0,2023
1246,0.0,2023
1247,2.87,2023
1248,0.0,2023
1249,0.02,2023
1250,10.15,2023
1251,0.94,2023
1252,0.18,2023
1253,0.0,2023
1254,11.59,2023
1255,40.84,2023
1256,0.42,2023
1257,1.16,2023
1258,0.04,2023
1259,4463.92,2023
1260,10254.19,2023
1261,0.4,2023
1262,0.42,2023
1263,0.05,2023
1264,0.0,2023
1265,0.01,2023
1266,0.56,2023
1267,0.02,2023
1268,5.56,2023
1269,0.01,2023
1270,52.94,2023
1271,3.71,2023
1272,0.0,2023
1273,0.57,2023
1274,0.98,2023
1275,0.09,2023
1276,0.01,2023
1277,159032.05,2023
1278,0.13,2023
1279,6.86,2023
1280,0.36,2023
1281,11.51,2023
1282,1206.31,2023
1283,0.03,2023
1284,217.25,2023
1285,588.0,2023
1286,1.37,2023
1287,0.0,2023
1288,19.58,2023
1289,0.46,2023
1290,0.0,2023
1291,0.01,2023
1292,0.34,2023
1293,2.97,2023
1294,0.23,2023
1295,0.02,2023
1296,0.62,2023
1297,102.52,2023
1298,0.2,2023
1299,1.05,2023
1300,261.09,2023
1301,1405.06,2023
1302,513.17,2023
1303,0.01,2023
1304,18.53,2023
1305,103155.52,2023
1306,20.78,2023
1307,0.13,2023
1308,1.73,2023
1309,170.09,2023
1310,0.36,2023
1311,66.36,2023
1312,804.33,2023
1313,0.08,2023
1314,0.69,2023
1315,5001.9,2023
1316,4.47,2023
1317,0.03,2023
1318,1097.44,2023
1319,0.18,2023
1320,0.0,2023
1321,238.01,2023
1322,1.58,2023
1323,0.0,2023
1324,0.0,2023
1325,0.53,2023
1326,3.97,2023
1327,1760.25,2023
1328,0.47,2023
1329,3.66,2023
1330,0.0,2023
1331,0.0,2023
1332,30.5,2023
1333,0.02,2023
1334,7238.15,2023
1335,11.58,2023
1336,0.38,2023
1337,0.0,2023
1338,0.0,2023
1339,0.01,2023
1340,0.12,2023
1341,0.87,2023
1342,328.74,2023
1343,0.11,2023
1344,775.89,2023
1345,0.71,2023
1346,36.93,2023
1347,21.0,2023
1348,1.54,2023
1349,0.07,2023
1350,0.02,2023
1351,72.17,2023
1352,0.34,2023
1353,117.61,2023
1354,357.79,2023
1355,0.06,2023
1356,0.03,2023
1357,0.0,2023
1358,0.15,2023
1359,0.0,2023
1360,0.08,2023
1361,0.0,2023
1362,0.0,2023
1363,0.0,2023
1364,1680.16,2023
1365,16666.1,2023
1366,0.08,2023
1367,37.9,2023
1368,0.0,2023
1369,0.0,2023
1370,598.58,2023
1371,0.01,2023
1372,0.04,2023
1373,0.73,2023
1374,0.0,2023
1375,0.0,2023
1376,0.0,2023
1377,0.06,2023
1378,0.17,2023
1379,0.0,2023
1380,1.2,2023
1381,957.98,2023
1382,0.02,2023
1383,24.65,2023
1384,0.02,2023
1385,0.75,2023
1386,0.17,2023
1387,0.0,2023
1388,3.86,2023
1389,0.0,2023
1390,36205.98,2023
1391,0.0,2023
1392,5.35,2023
1393,72.2,2023
1394,91800.93,2023
1395,0.07,2023
1396,0.01,2023
1397,0.02,2023
1398,0.01,2023
1399,0.14,2023
1400,0.0,2023
1401,29.19,2023
1402,21.66,2023
1403,0.07,2023
1404,0.48,2023
1405,0.01,2023
1406,1.39,2023
1407,19.83,2023
1408,1.74,2023
1409,714.8,2023
1410,0.0,2023
1411,6.87,2023
1412,28.38,2023
1413,72.78,2023
1414,0.22,2023
1415,444.05,2023
1416,2.63,2023
1417,8705.38,2023
1418,4.89,2023
1419,1.46,2023
1420,9.13,2023
1421,43.72,2023
1422,0.26,2023
1423,3.32,2023
1424,0.0,2023
1425,2.69,2023
1426,0.09,2023
1427,0.0,2023
1428,0.02,2023
1429,0.01,2023
1430,7.23,2023
1431,519.24,2023
1432,0.03,2023
1433,2.67,2023
1434,2.03,2023
1435,30.72,2023
1436,0.01,2023
1437,0.26,2023
1438,0.0,2023
1439,5.54,2023
1440,0.0,2023
1441,0.01,2023
1442,13.49,2023
1443,12.53,2023
1444,0.13,2023
1445,33.56,2023
1446,113502.13,2023
1447,0.0,2023
1448,23.19,2023
1449,0.0,2023
1450,4.93,2023
1451,23.05,2023
1452,6.86,2023
1453,10.67,2023
1454,2.89,2023
1455,0.1,2023
1456,1.12,2023
1457,4.39,2023
1458,7.31,2023
1459,7.46,2023
1460,0.01,2023
1461,0.0,2023
1462,4.72,2023
1463,0.03,2023
1464,83.34,2023
1465,247.85,2023
1466,89.04,2023
1467,0.0,2023
1468,1.49,2023
1469,1.55,2023
1470,119.46,2023
1471,1.12,2023
1472,7.59,2023
1473,1.59,2023
1474,9.59,2023
1475,0.0,2023
1476,0.0,2023
1477,0.29,2023
1478,3.85,2023
1479,20.23,2023
1480,94.57,2023
1481,0.0,2023
1482,91.46,2023
1483,2.17,2023
1484,11.41,2023
1485,0.0,2023
1486,0.0,2023
1487,0.09,2023
1488,1.83,2023
1489,0.14,2023
1490,0.0,2023
1491,0.0,2023
1492,79.35,2023
1493,2.44,2023
1494,0.6,2023
1495,17693.28,2023
1496,0.0,2023
1497,0.01,2023
1498,0.2,2023
1499,0.23,2023
1500,1.9,2023
1501,0.02,2023
1502,0.0,2023
1503,0.0,2023
1504,496.19,2023
1505,0.0,2023
1506,12.81,2023
1507,0.84,2023
1508,1.86,2023
1509,0.12,2023
1510,0.05,2023
1511,0.02,2023
1512,0.0,2023
1513,0.07,2023
1514,0.0,2023
1515,11792.2,2023
1516,119.01,2023
1517,29.67,2023
1518,8328.96,2023
1519,0.01,2023
1520,0.0,2023
1521,22.78,2023
1522,447.67,2023
1523,0.0,2023
1524,3.76,2023
1525,0.08,2023
1526,20.26,2023
1527,0.01,2023
1528,0.01,2023
1529,2.05,2023
1530,8.42,2023
1531,0.12,2023
1532,0.01,2023
1533,0.08,2023
1534,0.0,2023
1535,7.15,2023
1536,1.55,2023
1537,1.74,2023
1538,1.65,2023
1539,20.78,2023
1540,0.35,2023
1541,0.37,2023
1542,3771.77,2023
1543,0.06,2023
1544,0.0,2023
1545,0.02,2023
1546,1.64,2023
1547,0.09,2023
1548,1.98,2023
1549,0.12,2023
1550,7.99,2023
1551,22.1,2023
1552,0.61,2023
1553,0.0,2023
1554,0.0,2023
1555,0.0,2023
1556,0.63,2023
1557,0.01,2023
1558,0.01,2023
1559,71.66,2023
1560,0.0,2023
1561,1.74,2023
1562,0.0,2023
1563,1.46,2023
1564,9.57,2023
1565,0.45,2023
1566,0.27,2023
1567,13.12,2023
1568,1511.36,2023
1569,1133.06,2023
1570,0.48,2023
1571,0.0,2023
1572,34.14,2023
1573,2.27,2023
1574,0.03,2023
1575,0.0,2023
1576,0.0,2023
1577,3.64,2023
1578,0.1,2023
1579,0.04,2023
1580,459.79,2023
1581,7.53,2023
1582,0.04,2023
1583,0.41,2023
1584,22.27,2023
1585,0.12,2023
1586,0.02,2023
1587,2106.62,2023
1588,0.11,2023
1589,1.06,2023
1590,0.0,2023
1591,0.11,2023
1592,0.1,2023
1593,0.0,2023
1594,0.47,2023
1595,0.0,2023
1596,858.29,2023
1597,48440.64,2023
1598,0.0,2023
1599,70.33,2023
1600,4902.47,2023
1601,4.15,2023
1602,21.36,2023
1603,310.63,2023
1604,10.88,2023
1605,1.76,2023
1606,61.92,2023
1607,0.0,2023
1608,0.66,2023
1609,0.02,2023
1610,466.22,2023
1611,0.87,2023
1612,0.2,2023
1613,151.32,2023
1614,787.93,2023
1615,0.0,2023
1616,0.02,2023
1617,0.21,2023
1618,0.01,2023
1619,0.0,2023
1620,75.26,2023
1621,0.0,2023
1622,5.49,2023
1623,0.0,2023
1624,280.39,2023
1625,0.23,2023
1626,0.0,2023
1627,0.0,2023
1628,0.0,2023
1629,0.0,2023
1630,0.62,2023
1631,0.25,2023
1632,0.0,2023
1633,18.44,2023
1634,739.19,2023
1635,52.03,2023
1636,0.0,2023
1637,1.81,2023
1638,0.01,2023
1639,6036.58,2023
1640,91230.41,2023
1641,0.0,2023
1642,0.0,2023
1643,27.51,2023
1644,0.04,2023
1645,1066.51,2023
1646,17188.86,2023
1647,0.37,2023
1648,0.0,2023
1649,12.55,2023
1650,0.01,2023
1651,192.64,2023
1652,78.58,2023
1653,140.84,2023
1654,0.05,2023
1655,0.0,2023
1656,164.79,2023
1657,0.59,2023
1658,0.0,2023
1659,26.3,2023
1660,129746.31,2023
1661,0.02,2023
1662,0.0,2023
1663,0.0,2023
1664,0.07,2023
1665,0.16,2023
1666,0.0,2023
1667,3.54,2023
1668,1.17,2023
1669,0.0,2023
1670,60.88,2023
1671,0.01,2023
1672,0.0,2023
1673,83.44,2023
1674,5.97,2023
1675,0.03,2023
1676,22583.39,2023
1677,0.0,2023
1678,1.82,2023
1679,1.34,2023
1680,0.02,2023
1681,0.19,2023
1682,1.35,2023
1683,5.08,2023
1684,0.42,2023
1685,376.52,2023
1686,0.0,2023
1687,0.0,2023
1688,0.04,2023
1689,10.9,2023
1690,0.5,2023
1691,0.01,2023
1692,0.25,2023
1693,23.69,2023
1694,31.92,2023
1695,698.53,2023
1696,0.0,2023
1697,243.43,2023
1698,81.15,2023
1699,160.09,2023
1700,1676.81,2023
1701,0.01,2023
1702,794.89,2023
1703,66.42,2023
1704,0.56,2023
1705,0.2,2023
1706,0.03,2023
1707,0.01,2023
1708,0.0,2023
1709,0.0,2023
1710,14.93,2023
1711,0.26,2023
1712,16.52,2023
1713,0.03,2023
1714,0.05,2023
1715,0.0,2023
1716,0.0,2023
1717,81.98,2023
1718,0.05,2023
1719,0.0,2023
1720,0.0,2023
1721,0.03,2023
1722,0.7,2023
1723,0.0,2023
1724,94.27,2023
1725,0.02,2023
1726,101.07,2023
1727,0.3,2023
1728,527.4,2023
1729,0.21,2023
1730,0.04,2023
1731,0.05,2023
1732,4.62,2023
1733,949.26,2023
1734,0.01,2023
1735,0.6,2023
1736,0.21,2023
1737,12090.34,2023
1738,60.27,2023
1739,1.33,2023
1740,0.0,2023
1741,37.22,2023
1742,0.16,2023
1743,42.73,2023
1744,3.45,2023
1745,6.12,2023
1746,7.79,2023
1747,314.3,2023
1748,1.44,2023
1749,0.0,2023
1750,0.02,2023
1751,5.62,2023
1752,1.66,2023
1753,0.0,2023
1754,11.87,2023
1755,989.39,2023
1756,0.0,2023
1757,0.0,2023
1758,0.0,2023
1759,0.02,2023
1760,0.0,2023
1761,0.0,2023
1762,293.03,2023
1763,0.0,2023
1764,6.18,2023
1765,0.18,2023
1766,1.97,2023
1767,0.05,2023
1768,0.0,2023
1769,0.01,2023
1770,0.2,2023
1771,0.13,2023
1772,0.02,2023
1773,1789.13,2023
1774,0.0,2023
1775,3573.81,2023
1776,0.0,2023
1777,19.53,2023
1778,2372.18,2023
1779,18.05,2023
1780,0.05,2023
1781,29.38,2023
1782,0.67,2023
1783,0.0,2023
1784,5088.81,2023
1785,0.02,2023
1786,66.48,2023
1787,0.01,2023
1788,0.02,2023
1789,1.97,2023
1790,2.73,2023
1791,0.0,2023
1792,0.0,2023
1793,0.0,2023
1794,0.0,2023
1795,0.0,2023
1796,2.13,2023
1797,2.84,2023
1798,3.25,2023
1799,56.75,2023
1800,0.0,2023
1801,0.0,2023
1802,58.6,2023
1803,0.0,2023
1804,2.37,2023
1805,0.0,2023
1806,0.6,2023
1807,0.43,2023
1808,0.01,2023
1809,0.06,2023
1810,0.02,2023
1811,88.01,2023
1812,0.0,2023
1813,0.1,2023
1814,0.11,2023
1815,1006.56,2023
1816,106.13,2023
1817,0.02,2023
1818,0.0,2023
1819,81.66,2023
1820,0.0,2023
1821,0.84,2023
1822,0.0,2023
1823,0.23,2023
1824,0.01,2023
1825,42.57,2023
1826,0.0,2023
1827,36.15,2023
1828,892.09,2023
1829,8.9,2023
1830,9.58,2023
1831,11.24,2023
1832,128.28,2023
1833,0.0,2023
1834,313.64,2023
1835,54.37,2023
1836,0.0,2023
1837,0.47,2023
1838,1396.31,2023
1839,0.74,2023
1840,94.33,2023
1841,0.95,2023
1842,45.34,2023
1843,0.0,2023
1844,2.35,2023
1845,2.77,2023
1846,0.0,2023
1847,0.0,2023
1848,0.11,2023
1849,615.51,2023
1850,656.43,2023
1851,1558.13,2023
1852,89.7,2023
1853,0.0,2023
1854,0.0,2023
1855,0.0,2023
1856,5307.59,2023
1857,0.13,2023
1858,110.1,2023
1859,1.23,2023
1860,0.25,2023
1861,1.0,2023
1862,1.65,2023
1863,0.0,2023
1864,26.09,2023
1865,0.01,2023
1866,0.02,2023
1867,0.01,2023
1868,0.0,2023
1869,21575.3,2023
1870,0.0,2023
1871,0.0,2023
1872,0.0,2023
1873,15047.13,2023
1874,352.87,2023
1875,1081.19,2023
1876,2.44,2023
1877,0.43,2023
1878,0.04,2023
1879,0.02,2023
1880,6.37,2023
1881,0.0,2023
1882,0.07,2023
1883,2.9,2023
1884,12.39,2023
1885,502.41,2023
1886,6164.97,2023
1887,0.0,2023
1888,0.14,2023
1889,0.1,2023
1890,0.0,2023
1891,14.71,2023
1892,0.05,2023
1893,0.0,2023
1894,0.0,2023
1895,0.98,2023
1896,0.06,2023
1897,0.0,2023
1898,0.41,2023
1899,327.0,2023
1900,1907019.2,2023
1901,0.0,2023
1902,104.81,2023
1903,0.01,2023
1904,0.18,2023
1905,1.68,2023
1906,0.03,2023
1907,494232.62,2023
1908,96.57,2023
1909,0.87,2023
1910,16.26,2023
1911,0.01,2023
1912,1.21,2023
1913,6.28,2023
1914,0.0,2023
1915,0.0,2023
1916,30.47,2023
1917,6.84,2023
1918,1146.81,2023
1919,0.0,2023
1920,11.44,2023
1921,2.49,2023
1922,1.15,2023
1923,0.0,2023
1924,0.01,2023
1925,0.01,2023
1926,1.4,2023
1927,9.34,2023
1928,1.97,2023
1929,38.23,2023
1930,62.31,2023
1931,1.38,2023
1932,116.13,2023
1933,0.65,2023
1934,6072.9,2023
1935,0.0,2023
1936,0.0,2023
1937,0.25,2023
1938,10.81,2023
1939,0.0,2023
1940,0.0,2023
1941,0.52,2023
1942,0.0,2023
1943,151.45,2023
1944,0.01,2023
1945,3.69,2023
1946,20.39,2023
1947,0.13,2023
1948,0.78,2023
1949,0.17,2023
1950,322.5,2023
1951,826.73,2023
1952,0.24,2023
1953,117.08,2023
1954,0.0,2023
1955,0.0,2023
1956,34.42,2023
1957,256.27,2023
1958,7.11,2023
1959,0.12,2023
1960,0.21,2023
1961,0.04,2023
1962,0.2,2023
1963,12.73,2023
1964,27.15,2023
1965,0.22,2023
1966,1.05,2023
1967,3637.85,2023
1968,0.0,2023
1969,0.15,2023
1970,4169.42,2023
1971,0.0,2023
1972,0.01,2023
1973,0.0,2023
1974,0.0,2023
1975,2.12,2023
1976,7.36,2023
1977,37.58,2023
1978,10.65,2023
1979,0.01,2023
1980,0.0,2023
1981,20.66,2023
1982,4.31,2023
1983,21882.92,2023
1984,5.84,2023
1985,0.0,2023
1986,0.0,2023
1987,0.02,2023
1988,3.45,2023
1989,0.0,2023
1990,0.01,2023
1991,0.0,2023
1992,0.03,2023
1993,0.01,2023
1994,13.26,2023
1995,7.55,2023
1996,77.4,2023
1997,0.05,2023
1998,0.24,2023
1999,460.22,2023
2000,10.46,2023
2001,0.0,2023
2002,0.34,2023
2003,9.3,2023
2004,0.16,2023
2005,0.0,2023
2006,0.01,2023
2007,0.15,2023
2008,6.27,2023
2009,18.1,2023
2010,0.0,2023
2011,0.05,2023
2012,16049.51,2023
2013,112.73,2023
2014,0.16,2023
2015,331.3,2023
2016,0.11,2023
2017,0.01,2023
2018,3.88,2023
2019,326576.88,2023
2020,2.77,2023
2021,0.01,2023
2022,1.19,2023
2023,2.62,2023
2024,0.0,2023
2025,0.0,2023
2026,0.01,2023
2027,0.09,2023
2028,75.84,2023
2029,1.27,2023
2030,0.04,2023
2031,0.0,2023
2032,332.16,2023
2033,0.0,2023
2034,151.18,2023
2035,0.01,2023
2036,30.94,2023
2037,0.0,2023
2038,0.81,2023
2039,846.2,2023
2040,104.45,2023
2041,0.02,2023
2042,0.0,2023
2043,0.05,2023
2044,0.04,2023
2045,116.2,2023
2046,1.16,2023
2047,0.43,2023
2048,0.85,2023
2049,1.58,2023
2050,0.01,2023
2051,0.01,2023
2052,1.15,2023
2053,0.0,2023
2054,0.04,2023
2055,0.0,2023
2056,0.0,2023
2057,0.07,2023
2058,12.06,2023
2059,79.65,2023
2060,0.0,2023
2061,24.76,2023
2062,1.25,2023
2063,2.79,2023
2064,43.18,2023
2065,284.52,2023
2066,0.22,2023
2067,0.28,2023
2068,96021.58,2023
2069,81.25,2023
2070,0.0,2023
2071,0.0,2023
2072,1.63,2023
2073,6.9,2023
2074,0.0,2023
2075,0.0,2023
2076,0.0,2023
2077,5.32,2023
2078,283.71,2023
2079,0.07,2023
2080,40758.14,2023
2081,2219.09,2023
2082,0.1,2023
2083,0.14,2023
2084,8.16,2023
2085,3.77,2023
2086,563.84,2023
2087,0.09,2023
2088,30626.63,2023
2089,0.26,2023
2090,0.43,2023
2091,212.9,2023
2092,5066.61,2023
2093,60085.33,2023
2094,50.28,2023
2095,6.91,2023
2096,0.12,2023
2097,4793.77,2023
2098,296.22,2023
2099,25.13,2023
2100,166.86,2023
2101,1.57,2023
2102,24.72,2023
2103,0.0,2023
2104,0.0,2023
2105,2.49,2023
2106,10.19,2023
2107,0.42,2023
2108,0.0,2023
0,580.92,2024
1,9.12,2024
2,24.33,2024
3,0.17,2024
4,1637.68,2024
5,2.42,2024
6,3.55,2024
7,145.2,2024
8,8.98,2024
9,0.12,2024
10,10.79,2024
11,7581.9,2024
12,0.0,2024
13,0.41,2024
14,0.0,2024
15,2484.45,2024
16,0.0,2024
17,4.8,2024
18,1.41,2024
19,2659.88,2024
20,2.86,2024
21,0.4,2024
22,0.04,2024
23,0.02,2024
24,0.39,2024
25,33.75,2024
26,0.38,2024
27,0.0,2024
28,0.0,2024
29,0.02,2024
30,58.19,2024
31,0.0,2024
32,0.01,2024
33,208.89,2024
34,299844.44,2024
35,0.0,2024
36,0.2,2024
37,101.49,2024
38,0.08,2024
39,0.0,2024
40,0.16,2024
41,0.01,2024
42,15.98,2024
43,0.01,2024
44,0.01,2024
45,3.13,2024
46,14591.91,2024
47,0.0,2024
48,0.81,2024
49,3.33,2024
50,53.0,2024
51,0.0,2024
52,5.89,2024
53,0.0,2024
54,0.77,2024
55,0.56,2024
56,0.0,2024
57,0.0,2024
58,0.0,2024
59,14.87,2024
60,0.02,2024
61,0.09,2024
62,45803.89,2024
63,0.0,2024
64,0.0,2024
65,1.2,2024
66,15.44,2024
67,0.01,2024
68,4609.24,2024
69,15.43,2024
70,2.12,2024
71,0.21,2024
72,0.16,2024
73,21.7,2024
74,1336.6,2024
75,43774.79,2024
76,0.35,2024
77,2.47,2024
78,0.09,2024
79,0.2,2024
80,19.96,2024
81,0.03,2024
82,17.74,2024
83,0.1,2024
84,0.0,2024
85,31.23,2024
86,43.37,2024
87,2.96,2024
88,0.0,2024
89,0.03,2024
90,0.0,2024
91,0.0,2024
92,0.1,2024
93,0.0,2024
94,150.49,2024
95,0.02,2024
96,233.11,2024
97,0.33,2024
98,4.66,2024
99,1.54,2024
100,0.0,2024
101,9.22,2024
102,157390.02,2024
103,10.34,2024
104,1.27,2024
105,0.01,2024
106,7.37,2024
107,0.0,2024
108,0.01,2024
109,2.66,2024
110,14.46,2024
111,0.0,2024
112,24748.97,2024
113,0.0,2024
114,236832.34,2024
115,200224960.0,2024
116,37602.7,2024
117,0.01,2024
118,0.8,2024
119,0.89,2024
120,0.01,2024
121,13.01,2024
122,0.11,2024
123,0.04,2024
124,0.04,2024
125,0.04,2024
126,0.3,2024
127,1844.59,2024
128,230.83,2024
129,75.43,2024
130,0.33,2024
131,0.0,2024
132,1274.65,2024
133,1.47,2024
134,250.53,2024
135,19.34,2024
136,5.3,2024
137,107.09,2024
138,1.56,2024
139,12.86,2024
140,3190.07,2024
141,40.18,2024
142,2470345.8,2024
143,0.0,2024
144,0.0,2024
145,93420.33,2024
146,1378.7,2024
147,0.02,2024
148,10.56,2024
149,791.68,2024
150,378.88,2024
151,0.0,2024
152,0.0,2024
153,0.42,2024
154,162.16,2024
155,86.14,2024
156,388.65,2024
157,0.0,2024
158,20.94,2024
159,1.61,2024
160,0.0,2024
161,0.0,2024
162,0.11,2024
163,2.97,2024
164,19.81,2024
165,0.38,2024
166,99613.43,2024
167,0.0,2024
168,0.01,2024
169,37.48,2024
170,5.45,2024
171,0.0,2024
172,456.03,2024
173,0.0,2024
174,0.0,2024
175,0.0,2024
176,0.35,2024
177,292.65,2024
178,0.1,2024
179,0.0,2024
180,2.54,2024
181,4.42,2024
182,0.96,2024
183,0.01,2024
184,30.82,2024
185,0.28,2024
186,42.79,2024
187,4.71,2024
188,1.15,2024
189,0.74,2024
190,117742.38,2024
191,5183.82,2024
192,0.01,2024
193,0.0,2024
194,0.11,2024
195,0.0,2024
196,0.0,2024
197,0.0,2024
198,0.24,2024
199,0.0,2024
200,0.48,2024
201,0.0,2024
202,49.65,2024
203,0.0,2024
204,0.06,2024
205,0.37,2024
206,0.01,2024
207,663.19,2024
208,0.0,2024
209,27.7,2024
210,58.62,2024
211,3.31,2024
212,14181.97,2024
213,265.74,2024
214,0.0,2024
215,572.25,2024
216,0.07,2024
217,0.03,2024
218,3.38,2024
219,0.01,2024
220,0.0,2024
221,40.26,2024
222,0.0,2024
223,0.96,2024
224,0.06,2024
225,0.01,2024
226,1.06,2024
227,0.0,2024
228,0.0,2024
229,0.06,2024
230,0.0,2024
231,0.07,2024
232,42.45,2024
233,43.29,2024
234,1275792.6,2024
235,32.8,2024
236,343.64,2024
237,0.01,2024
238,2.62,2024
239,0.0,2024
240,5.12,2024
241,0.01,2024
242,128.14,2024
243,0.0,2024
244,5.57,2024
245,0.32,2024
246,0.13,2024
247,0.01,2024
248,128014.54,2024
249,0.09,2024
250,0.15,2024
251,0.06,2024
252,33.45,2024
253,257.15,2024
254,36.43,2024
255,0.01,2024
256,1.59,2024
257,0.1,2024
258,0.08,2024
259,14034.35,2024
260,0.99,2024
261,728758.6,2024
262,377.25,2024
263,0.11,2024
264,201.55,2024
265,29.97,2024
266,0.0,2024
267,0.0,2024
268,206.53,2024
269,0.01,2024
270,0.0,2024
271,1.43,2024
272,0.0,2024
273,0.47,2024
274,0.02,2024
275,1.49,2024
276,0.0,2024
277,0.0,2024
278,0.08,2024
279,0.01,2024
280,0.0,2024
281,125.09,2024
282,2.63,2024
283,36.88,2024
284,23.99,2024
285,0.03,2024
286,0.0,2024
287,5.65,2024
288,2.13,2024
289,159.09,2024
290,2.36,2024
291,0.0,2024
292,0.0,2024
293,0.0,2024
294,12.22,2024
295,359.01,2024
296,0.0,2024
297,0.05,2024
298,0.0,2024
299,2.88,2024
300,0.17,2024
301,34.51,2024
302,0.0,2024
303,145.78,2024
304,3968.27,2024
305,0.01,2024
306,5.29,2024
307,365.21,2024
308,2.45,2024
309,71.01,2024
310,6024.43,2024
311,0.16,2024
312,1.24,2024
313,1.14,2024
314,1.39,2024
315,8.81,2024
316,0.52,2024
317,0.01,2024
318,0.0,2024
319,3574.95,2024
320,131079.56,2024
321,0.21,2024
322,4.22,2024
323,0.0,2024
324,0.0,2024
325,7.55,2024
326,0.0,2024
327,0.0,2024
328,2.12,2024
329,0.0,2024
330,139.31,2024
331,0.01,2024
332,0.02,2024
333,0.06,2024
334,0.0,2024
335,0.43,2024
336,0.0,2024
337,0.21,2024
338,0.02,2024
339,2.07,2024
340,0.02,2024
341,22.44,2024
342,254.44,2024
343,9.79,2024
344,0.0,2024
345,0.69,2024
346,0.01,2024
347,0.03,2024
348,0.0,2024
349,343.75,2024
350,34.95,2024
351,0.63,2024
352,0.05,2024
353,0.07,2024
354,19.39,2024
355,0.01,2024
356,0.99,2024
357,5.37,2024
358,0.01,2024
359,0.98,2024
360,13.68,2024
361,31.16,2024
362,0.57,2024
363,0.02,2024
364,16.06,2024
365,0.01,2024
366,0.0,2024
367,6.61,2024
368,0.0,2024
369,0.01,2024
370,1.95,2024
371,0.77,2024
372,0.0,2024
373,0.8,2024
374,0.39,2024
375,0.08,2024
376,0.02,2024
377,896.98,2024
378,2.21,2024
379,0.09,2024
380,2.92,2024
381,0.01,2024
382,1159.57,2024
383,0.59,2024
384,0.77,2024
385,0.0,2024
386,0.43,2024
387,0.0,2024
388,0.09,2024
389,0.25,2024
390,0.0,2024
391,20894.25,2024
392,0.38,2024
393,0.0,2024
394,12.83,2024
395,0.01,2024
396,0.07,2024
397,0.0,2024
398,0.0,2024
399,0.13,2024
400,8039.27,2024
401,569.0,2024
402,0.0,2024
403,0.35,2024
404,22.12,2024
405,0.0,2024
406,831.07,2024
407,1169.96,2024
408,0.02,2024
409,0.0,2024
410,204.04,2024
411,0.85,2024
412,0.01,2024
413,0.0,2024
414,0.0,2024
415,1495.46,2024
416,0.09,2024
417,3.99,2024
418,0.05,2024
419,0.0,2024
420,0.03,2024
421,2.72,2024
422,0.01,2024
423,11786.77,2024
424,0.0,2024
425,0.22,2024
426,294.15,2024
427,167.73,2024
428,0.0,2024
429,1100.72,2024
430,0.0,2024
431,1.46,2024
432,0.0,2024
433,0.1,2024
434,1.3,2024
435,1.75,2024
436,14232.37,2024
437,567.19,2024
438,0.0,2024
439,4.97,2024
440,0.0,2024
441,0.0,2024
442,0.84,2024
443,1.23,2024
444,73.01,2024
445,2.07,2024
446,597.38,2024
447,0.0,2024
448,248.04,2024
449,0.0,2024
450,0.19,2024
451,0.09,2024
452,147.71,2024
453,0.02,2024
454,0.0,2024
455,0.02,2024
456,0.0,2024
457,0.27,2024
458,0.96,2024
459,30.24,2024
460,0.01,2024
461,3.12,2024
462,0.53,2024
463,13.64,2024
464,0.15,2024
465,0.34,2024
466,83702.32,2024
467,0.22,2024
468,0.0,2024
469,1.24,2024
470,0.0,2024
471,4.83,2024
472,0.05,2024
473,62.31,2024
474,1976.63,2024
475,0.36,2024
476,3106.92,2024
477,0.02,2024
478,3.49,2024
479,0.0,2024
480,5.09,2024
481,0.21,2024
482,0.02,2024
483,86.05,2024
484,85.49,2024
485,0.01,2024
486,0.25,2024
487,0.0,2024
488,3.08,2024
489,2.73,2024
490,0.01,2024
491,0.0,2024
492,0.01,2024
493,140.93,2024
494,3.94,2024
495,0.08,2024
496,1.67,2024
497,0.0,2024
498,15886.42,2024
499,0.0,2024
500,0.13,2024
501,0.04,2024
502,3.57,2024
503,3.76,2024
504,35204.37,2024
505,0.0,2024
506,0.0,2024
507,1.56,2024
508,712.83,2024
509,6.54,2024
510,14.55,2024
511,843.53,2024
512,9.42,2024
513,0.42,2024
514,0.3,2024
515,0.05,2024
516,0.0,2024
517,0.01,2024
518,6.32,2024
519,0.0,2024
520,1061.49,2024
521,0.1,2024
522,0.0,2024
523,0.0,2024
524,0.08,2024
525,0.0,2024
526,120060.97,2024
527,155899.12,2024
528,0.01,2024
529,23.0,2024
530,0.0,2024
531,282.29,2024
532,153.55,2024
533,1.01,2024
534,5580.25,2024
535,0.09,2024
536,0.06,2024
537,3.25,2024
538,0.68,2024
539,0.15,2024
540,649.36,2024
541,1.21,2024
542,33438.86,2024
543,0.01,2024
544,0.06,2024
545,0.0,2024
546,1800.36,2024
547,0.08,2024
548,248.22,2024
549,134.63,2024
550,6.36,2024
551,0.11,2024
552,8.82,2024
553,0.05,2024
554,10.03,2024
555,2.58,2024
556,0.0,2024
557,0.17,2024
558,0.0,2024
559,0.0,2024
560,0.0,2024
561,623.28,2024
562,0.41,2024
563,0.0,2024
564,129557.38,2024
565,5.43,2024
566,0.03,2024
567,2.91,2024
568,0.0,2024
569,0.1,2024
570,6.37,2024
571,0.01,2024
572,0.0,2024
573,12971.06,2024
574,0.0,2024
575,265.78,2024
576,0.0,2024
577,35.68,2024
578,0.04,2024
579,0.06,2024
580,0.0,2024
581,0.0,2024
582,0.01,2024
583,0.39,2024
584,0.0,2024
585,0.62,2024
586,0.18,2024
587,0.0,2024
588,0.02,2024
589,0.01,2024
590,2.04,2024
591,0.0,2024
592,0.08,2024
593,0.0,2024
594,0.02,2024
595,754.66,2024
596,0.0,2024
597,0.35,2024
598,0.26,2024
599,0.09,2024
600,1739.0,2024
601,0.03,2024
602,476.65,2024
603,910.75,2024
604,0.15,2024
605,500.33,2024
606,0.22,2024
607,26.48,2024
608,0.02,2024
609,176.46,2024
610,0.15,2024
611,0.55,2024
612,147.1,2024
613,0.0,2024
614,1.5,2024
615,0.01,2024
616,0.14,2024
617,0.46,2024
618,20.93,2024
619,0.01,2024
620,0.13,2024
621,782.18,2024
622,0.03,2024
623,1488.61,2024
624,0.05,2024
625,0.3,2024
626,304.01,2024
627,0.08,2024
628,0.04,2024
629,0.13,2024
630,43621.3,2024
631,0.0,2024
632,2.8,2024
633,0.0,2024
634,0.12,2024
635,10.82,2024
636,3.07,2024
637,0.0,2024
638,3.82,2024
639,16.0,2024
640,0.72,2024
641,8730.45,2024
642,1.45,2024
643,274.01,2024
644,0.0,2024
645,0.07,2024
646,0.41,2024
647,0.0,2024
648,8.77,2024
649,28.35,2024
650,230.4,2024
651,0.91,2024
652,0.27,2024
653,113.3,2024
654,0.35,2024
655,0.08,2024
656,50.61,2024
657,0.52,2024
658,0.0,2024
659,852.6,2024
660,0.0,2024
661,1094.83,2024
662,0.0,2024
663,23971.99,2024
664,0.01,2024
665,165.75,2024
666,0.0,2024
667,0.01,2024
668,2.32,2024
669,3.78,2024
670,2.7,2024
671,2.19,2024
672,0.0,2024
673,1.26,2024
674,8088.79,2024
675,0.19,2024
676,0.0,2024
677,13.71,2024
678,0.01,2024
679,0.01,2024
680,0.09,2024
681,1.63,2024
682,0.0,2024
683,0.0,2024
684,0.0,2024
685,69.97,2024
686,133.38,2024
687,2554.45,2024
688,0.0,2024
689,0.77,2024
690,0.19,2024
691,9.97,2024
692,0.0,2024
693,8.69,2024
694,1.3,2024
695,31.65,2024
696,0.0,2024
697,0.0,2024
698,336.36,2024
699,4.59,2024
700,0.51,2024
701,10.91,2024
702,315.28,2024
703,0.0,2024
704,0.25,2024
705,0.31,2024
706,3.36,2024
707,0.19,2024
708,0.0,2024
709,0.0,2024
710,0.0,2024
711,0.0,2024
712,0.09,2024
713,0.02,2024
714,45.42,2024
715,0.29,2024
716,0.38,2024
717,0.03,2024
718,3.17,2024
719,0.4,2024
720,0.0,2024
721,0.43,2024
722,32.21,2024
723,0.0,2024
724,0.02,2024
725,0.08,2024
726,0.0,2024
727,5293.01,2024
728,13.13,2024
729,3.54,2024
730,0.0,2024
731,0.0,2024
732,870.66,2024
733,75.38,2024
734,5.54,2024
735,0.0,2024
736,316.76,2024
737,0.15,2024
738,557.49,2024
739,0.47,2024
740,554.82,2024
741,1.0,2024
742,0.0,2024
743,0.02,2024
744,0.0,2024
745,15.93,2024
746,4.7,2024
747,0.01,2024
748,8578.44,2024
749,140801.23,2024
750,256.01,2024
751,0.01,2024
752,0.0,2024
753,8.29,2024
754,1.17,2024
755,0.71,2024
756,0.25,2024
757,0.0,2024
758,0.03,2024
759,0.0,2024
760,0.9,2024
761,0.0,2024
762,0.05,2024
763,0.01,2024
764,0.01,2024
765,0.0,2024
766,0.0,2024
767,0.05,2024
768,0.05,2024
769,1916.78,2024
770,10.52,2024
771,0.0,2024
772,3.45,2024
773,0.28,2024
774,0.03,2024
775,0.05,2024
776,2.25,2024
777,16.77,2024
778,0.04,2024
779,96.09,2024
780,0.0,2024
781,229.04,2024
782,0.06,2024
783,0.04,2024
784,0.35,2024
785,66.85,2024
786,2.53,2024
787,0.25,2024
788,0.48,2024
789,0.0,2024
790,0.01,2024
791,9.95,2024
792,0.0,2024
793,1.75,2024
794,1.36,2024
795,0.45,2024
796,1.59,2024
797,0.17,2024
798,0.0,2024
799,117.93,2024
800,2.17,2024
801,0.01,2024
802,0.02,2024
803,0.0,2024
804,144.41,2024
805,0.06,2024
806,37.95,2024
807,1.15,2024
808,1.6,2024
809,0.67,2024
810,0.0,2024
811,6.77,2024
812,0.0,2024
813,0.0,2024
814,0.01,2024
815,0.01,2024
816,0.0,2024
817,334.9,2024
818,211.23,2024
819,11.05,2024
820,0.68,2024
821,0.03,2024
822,0.3,2024
823,0.0,2024
824,4.8,2024
825,0.14,2024
826,0.03,2024
827,1.17,2024
828,0.0,2024
829,0.01,2024
830,0.01,2024
831,1.03,2024
832,7.73,2024
833,0.0,2024
834,7.49,2024
835,0.01,2024
836,132.74,2024
837,4.79,2024
838,0.0,2024
839,0.7,2024
840,29.02,2024
841,0.01,2024
842,3.85,2024
843,0.0,2024
844,4.18,2024
845,26102.06,2024
846,0.0,2024
847,21.16,2024
848,0.1,2024
849,19.64,2024
850,0.01,2024
851,0.0,2024
852,33.44,2024
853,7015508.0,2024
854,0.0,2024
855,0.0,2024
856,0.0,2024
857,0.02,2024
858,1670735.4,2024
859,16115.31,2024
860,0.02,2024
861,1.91,2024
862,386683.62,2024
863,0.0,2024
864,38451.38,2024
865,65.41,2024
866,0.0,2024
867,3.3,2024
868,0.64,2024
869,0.06,2024
870,0.39,2024
871,174.33,2024
872,21938.46,2024
873,19.01,2024
874,3.35,2024
875,40.62,2024
876,0.05,2024
877,0.26,2024
878,0.19,2024
879,0.0,2024
880,57.96,2024
881,4.98,2024
882,0.03,2024
883,0.0,2024
884,0.0,2024
885,1.29,2024
886,0.0,2024
887,0.0,2024
888,0.62,2024
889,1.89,2024
890,0.08,2024
891,0.0,2024
892,0.18,2024
893,1.36,2024
894,0.21,2024
895,111.01,2024
896,0.01,2024
897,0.0,2024
898,59.3,2024
899,0.01,2024
900,0.0,2024
901,0.18,2024
902,0.03,2024
903,0.0,2024
904,0.0,2024
905,1.72,2024
906,270.31,2024
907,6.93,2024
908,19.7,2024
909,14.68,2024
910,699.18,2024
911,15.43,2024
912,0.0,2024
913,9.62,2024
914,194.37,2024
915,1702.77,2024
916,0.01,2024
917,0.0,2024
918,0.0,2024
919,0.0,2024
920,1.76,2024
921,864.18,2024
922,0.0,2024
923,0.02,2024
924,61.83,2024
925,2.97,2024
926,25.42,2024
927,0.56,2024
928,52942.65,2024
929,0.0,2024
930,0.06,2024
931,3.93,2024
932,0.25,2024
933,0.03,2024
934,0.02,2024
935,1855.58,2024
936,0.0,2024
937,0.0,2024
938,1.45,2024
939,0.02,2024
940,40.64,2024
941,1162.31,2024
942,1.01,2024
943,8.35,2024
944,1873.85,2024
945,0.02,2024
946,0.04,2024
947,0.0,2024
948,0.01,2024
949,0.01,2024
950,0.0,2024
951,0.01,2024
952,0.05,2024
953,0.02,2024
954,0.18,2024
955,0.0,2024
956,8738.87,2024
957,0.05,2024
958,1.35,2024
959,10585.07,2024
960,0.0,2024
961,1.47,2024
962,0.12,2024
963,217.02,2024
964,0.0,2024
965,0.11,2024
966,2.65,2024
967,4.76,2024
968,17229.76,2024
969,39.21,2024
970,0.0,2024
971,54.52,2024
972,1.38,2024
973,31.49,2024
974,0.13,2024
975,0.0,2024
976,0.06,2024
977,353.12,2024
978,0.1,2024
979,0.0,2024
980,0.0,2024
981,102.02,2024
982,828.73,2024
983,0.0,2024
984,0.0,2024
985,0.0,2024
986,0.0,2024
987,55.09,2024
988,0.0,2024
989,0.4,2024
990,418.74,2024
991,0.87,2024
992,15.21,2024
993,0.01,2024
994,126.05,2024
995,24.11,2024
996,0.0,2024
997,343.03,2024
998,0.06,2024
999,0.01,2024
1000,78.76,2024
1001,0.02,2024
1002,0.0,2024
1003,0.09,2024
1004,121.99,2024
1005,3.26,2024
1006,214.51,2024
1007,0.01,2024
1008,0.0,2024
1009,14.29,2024
1010,0.02,2024
1011,0.0,2024
1012,0.64,2024
1013,0.0,2024
1014,74.27,2024
1015,0.09,2024
1016,9.83,2024
1017,0.78,2024
1018,0.0,2024
1019,9.6,2024
1020,0.1,2024
1021,0.03,2024
1022,69.25,2024
1023,19.08,2024
1024,14.38,2024
1025,1257.35,2024
1026,2607.84,2024
1027,710.1,2024
1028,2.22,2024
1029,48.26,2024
1030,0.0,2024
1031,96.94,2024
1032,1.08,2024
1033,311586.2,2024
1034,1703.37,2024
1035,8711869.0,2024
1036,0.0,2024
1037,52.51,2024
1038,518.08,2024
1039,0.01,2024
1040,0.76,2024
1041,0.0,2024
1042,0.48,2024
1043,0.66,2024
1044,0.2,2024
1045,0.0,2024
1046,0.07,2024
1047,2716465.5,2024
1048,0.02,2024
1049,0.0,2024
1050,0.01,2024
1051,0.44,2024
1052,0.0,2024
1053,0.0,2024
1054,324.88,2024
1055,4.8,2024
1056,24.19,2024
1057,0.01,2024
1058,10.48,2024
1059,0.15,2024
1060,67.45,2024
1061,474.58,2024
1062,136.19,2024
1063,0.29,2024
1064,0.14,2024
1065,41.68,2024
1066,104.36,2024
1067,0.0,2024
1068,0.0,2024
1069,0.67,2024
1070,0.1,2024
1071,0.28,2024
1072,47.86,2024
1073,11.1,2024
1074,0.06,2024
1075,0.08,2024
1076,0.0,2024
1077,7.59,2024
1078,0.17,2024
1079,0.0,2024
1080,108.57,2024
1081,0.0,2024
1082,0.03,2024
1083,0.11,2024
1084,0.04,2024
1085,0.35,2024
1086,0.0,2024
1087,2.08,2024
1088,0.02,2024
1089,953.13,2024
1090,0.05,2024
1091,1.12,2024
1092,0.2,2024
1093,0.0,2024
1094,50.6,2024
1095,0.01,2024
1096,0.06,2024
1097,0.21,2024
1098,0.04,2024
1099,0.19,2024
1100,22.36,2024
1101,0.65,2024
1102,0.03,2024
1103,8.69,2024
1104,14.66,2024
1105,0.0,2024
1106,7065.92,2024
1107,94.0,2024
1108,65.07,2024
1109,0.02,2024
1110,1.27,2024
1111,0.83,2024
1112,49861.06,2024
1113,3.69,2024
1114,818.49,2024
1115,2.7,2024
1116,0.0,2024
1117,0.01,2024
1118,0.31,2024
1119,0.01,2024
1120,0.31,2024
1121,0.0,2024
1122,0.01,2024
1123,0.0,2024
1124,30.12,2024
1125,49.24,2024
1126,9.97,2024
1127,0.21,2024
1128,0.01,2024
1129,5.63,2024
1130,1.01,2024
1131,0.0,2024
1132,0.0,2024
1133,0.21,2024
1134,0.01,2024
1135,0.06,2024
1136,2.33,2024
1137,5.06,2024
1138,80.35,2024
1139,1470.56,2024
1140,309.87,2024
1141,0.01,2024
1142,2297.44,2024
1143,1097.45,2024
1144,1.27,2024
1145,0.03,2024
1146,0.0,2024
1147,26.19,2024
1148,36.68,2024
1149,22.55,2024
1150,1971863.6,2024
1151,11.52,2024
1152,0.0,2024
1153,0.0,2024
1154,203.39,2024
1155,0.3,2024
1156,0.0,2024
1157,0.0,2024
1158,4609.76,2024
1159,0.0,2024
1160,0.0,2024
1161,0.03,2024
1162,0.25,2024
1163,4.03,2024
1164,0.0,2024
1165,1481.32,2024
1166,4539.81,2024
1167,0.43,2024
1168,1.21,2024
1169,1.6,2024
1170,0.0,2024
1171,0.14,2024
1172,44.47,2024
1173,29.93,2024
1174,0.1,2024
1175,0.38,2024
1176,104584.41,2024
1177,2.25,2024
1178,0.83,2024
1179,0.0,2024
1180,230.01,2024
1181,0.0,2024
1182,0.01,2024
1183,1.45,2024
1184,0.23,2024
1185,0.63,2024
1186,367.91,2024
1187,408.72,2024
1188,1.45,2024
1189,0.01,2024
1190,2886.27,2024
1191,0.0,2024
1192,18.13,2024
1193,0.04,2024
1194,3.26,2024
1195,189.56,2024
1196,0.0,2024
1197,187.56,2024
1198,0.0,2024
1199,658.79,2024
1200,4.02,2024
1201,281.5,2024
1202,0.0,2024
1203,0.0,2024
1204,0.0,2024
1205,0.12,2024
1206,1851.73,2024
1207,0.04,2024
1208,398.89,2024
1209,0.13,2024
1210,0.44,2024
1211,0.06,2024
1212,0.0,2024
1213,19901.36,2024
1214,1349.84,2024
1215,0.01,2024
1216,152.83,2024
1217,18.12,2024
1218,0.07,2024
1219,25125.04,2024
1220,0.0,2024
1221,0.0,2024
1222,932420.06,2024
1223,1.87,2024
1224,8.57,2024
1225,6.2,2024
1226,17.64,2024
1227,0.14,2024
1228,0.12,2024
1229,0.0,2024
1230,12.23,2024
1231,0.21,2024
1232,0.06,2024
1233,2.24,2024
1234,0.04,2024
1235,4112.01,2024
1236,0.02,2024
1237,1.51,2024
1238,0.54,2024
1239,20.86,2024
1240,1.21,2024
1241,0.0,2024
1242,1.28,2024
1243,0.0,2024
1244,0.94,2024
1245,0.0,2024
1246,0.0,2024
1247,6.24,2024
1248,0.0,2024
1249,8.96,2024
1250,2.35,2024
1251,194.76,2024
1252,5.06,2024
1253,0.0,2024
1254,2.62,2024
1255,0.0,2024
1256,20.18,2024
1257,2.46,2024
1258,0.0,2024
1259,0.0,2024
1260,0.0,2024
1261,0.37,2024
1262,0.08,2024
1263,0.0,2024
1264,1.8,2024
1265,450.76,2024
1266,0.04,2024
1267,4.27,2024
1268,12047.22,2024
1269,0.24,2024
1270,2.04,2024
1271,0.0,2024
1272,25331.06,2024
1273,474.19,2024
1274,3.51,2024
1275,4.86,2024
1276,0.04,2024
1277,0.02,2024
1278,2.36,2024
1279,75.57,2024
1280,0.25,2024
1281,7327.93,2024
1282,1.32,2024
1283,0.01,2024
1284,0.71,2024
1285,4.12,2024
1286,0.0,2024
1287,17.58,2024
1288,0.0,2024
1289,0.0,2024
1290,303.87,2024
1291,0.0,2024
1292,12.08,2024
1293,3.09,2024
1294,0.0,2024
1295,0.0,2024
1296,0.0,2024
1297,4.25,2024
1298,0.09,2024
1299,0.3,2024
1300,1354.04,2024
1301,0.0,2024
1302,0.47,2024
1303,0.01,2024
1304,17216.74,2024
1305,1486.36,2024
1306,0.4,2024
1307,411.95,2024
1308,76.15,2024
1309,0.0,2024
1310,16.99,2024
1311,3.01,2024
1312,0.07,2024
1313,0.0,2024
1314,0.0,2024
1315,1.48,2024
1316,0.0,2024
1317,0.03,2024
1318,0.0,2024
1319,0.36,2024
1320,0.0,2024
1321,0.14,2024
1322,0.0,2024
1323,0.01,2024
1324,0.01,2024
1325,665.8,2024
1326,8.94,2024
1327,0.63,2024
1328,0.0,2024
1329,0.53,2024
1330,0.0,2024
1331,0.02,2024
1332,0.02,2024
1333,0.0,2024
1334,0.02,2024
1335,97.14,2024
1336,3.06,2024
1337,0.0,2024
1338,11.56,2024
1339,7.59,2024
1340,6.45,2024
1341,94.05,2024
1342,136.8,2024
1343,0.24,2024
1344,1789.28,2024
1345,0.08,2024
1346,1.49,2024
1347,0.0,2024
1348,0.02,2024
1349,0.22,2024
1350,0.3,2024
1351,3.74,2024
1352,0.57,2024
1353,37721.44,2024
1354,128426.88,2024
1355,0.0,2024
1356,0.22,2024
1357,65.83,2024
1358,0.43,2024
1359,0.0,2024
1360,5.18,2024
1361,0.01,2024
1362,219.02,2024
1363,5583.38,2024
1364,8.74,2024
1365,1.47,2024
1366,0.0,2024
1367,2.41,2024
1368,0.4,2024
1369,0.01,2024
1370,0.05,2024
1371,0.88,2024
1372,74065.89,2024
1373,408.1,2024
1374,4.74,2024
1375,0.13,2024
1376,28.79,2024
1377,0.08,2024
1378,0.01,2024
1379,0.01,2024
1380,0.0,2024
1381,0.0,2024
1382,0.19,2024
1383,16.37,2024
1384,59.68,2024
1385,1.28,2024
1386,4.1,2024
1387,8.25,2024
1388,1.9,2024
1389,0.44,2024
1390,0.11,2024
1391,0.05,2024
1392,5.17,2024
1393,0.12,2024
1394,34.57,2024
1395,69.11,2024
1396,0.01,2024
1397,0.01,2024
1398,0.1,2024
1399,0.0,2024
1400,0.0,2024
1401,0.02,2024
1402,0.14,2024
1403,0.74,2024
1404,1475.08,2024
1405,0.27,2024
1406,0.32,2024
1407,0.0,2024
1408,924.96,2024
1409,387.75,2024
1410,0.01,2024
1411,2049.06,2024
1412,0.28,2024
1413,0.0,2024
1414,0.97,2024
1415,17.48,2024
1416,0.01,2024
1417,162.88,2024
1418,124.43,2024
1419,0.22,2024
1420,1.41,2024
1421,1105.73,2024
1422,1.4,2024
1423,10.85,2024
1424,0.03,2024
1425,10788.78,2024
1426,8.26,2024
1427,0.02,2024
1428,0.02,2024
1429,0.0,2024
1430,0.23,2024
1431,104.48,2024
1432,1.34,2024
1433,0.01,2024
1434,0.53,2024
1435,2656.73,2024
1436,0.0,2024
1437,1.82,2024
1438,1479.14,2024
1439,0.1,2024
1440,0.45,2024
1441,4185.22,2024
1442,0.06,2024
1443,0.0,2024
1444,284.78,2024
1445,0.0,2024
1446,0.01,2024
1447,129.09,2024
1448,0.0,2024
1449,0.0,2024
1450,0.0,2024
1451,5577.56,2024
1452,0.51,2024
1453,0.07,2024
1454,0.02,2024
1455,0.0,2024
1456,0.01,2024
1457,33.74,2024
1458,4.18,2024
1459,3.08,2024
1460,0.01,2024
1461,4.02,2024
1462,0.33,2024
1463,0.0,2024
1464,1.28,2024
1465,162.74,2024
1466,33.53,2024
1467,0.01,2024
1468,0.0,2024
1469,0.07,2024
1470,408.13,2024
1471,0.02,2024
1472,0.38,2024
1473,29009.63,2024
1474,124.7,2024
1475,74.67,2024
1476,21.76,2024
1477,19.93,2024
1478,0.0,2024
1479,2019.9,2024
1480,0.02,2024
1481,584.4,2024
1482,1126.77,2024
1483,0.06,2024
1484,0.0,2024
1485,0.0,2024
1486,0.36,2024
1487,10.18,2024
1488,0.0,2024
1489,0.0,2024
1490,1.04,2024
1491,0.02,2024
1492,0.0,2024
1493,643.41,2024
1494,58.16,2024
1495,0.73,2024
1496,0.01,2024
1497,0.0,2024
1498,0.0,2024
1499,0.3,2024
1500,0.02,2024
1501,0.0,2024
1502,15.66,2024
1503,6145.96,2024
1504,2.13,2024
1505,0.0,2024
1506,36724.42,2024
1507,0.04,2024
1508,17.13,2024
1509,0.16,2024
1510,0.01,2024
1511,0.0,2024
1512,0.0,2024
1513,3.01,2024
1514,34.78,2024
1515,568.35,2024
1516,6.34,2024
1517,2743.2,2024
1518,1373.78,2024
1519,0.16,2024
1520,4.52,2024
1521,341.54,2024
1522,3.47,2024
1523,0.01,2024
1524,23.04,2024
1525,0.12,2024
1526,0.0,2024
1527,38.01,2024
1528,0.02,2024
1529,0.16,2024
1530,0.61,2024
1531,0.0,2024
1532,0.0,2024
1533,0.03,2024
1534,23652.84,2024
1535,1510836.8,2024
1536,0.15,2024
1537,0.0,2024
1538,0.03,2024
1539,0.12,2024
1540,0.01,2024
1541,30.03,2024
1542,0.0,2024
1543,28.24,2024
1544,165.94,2024
1545,0.0,2024
1546,1.55,2024
1547,0.0,2024
1548,0.0,2024
1549,2985.61,2024
1550,0.28,2024
1551,0.0,2024
1552,9659.19,2024
1553,0.0,2024
1554,0.26,2024
1555,0.08,2024
1556,8.69,2024
1557,0.04,2024
1558,194.62,2024
1559,314.34,2024
1560,0.58,2024
1561,10681.07,2024
1562,0.31,2024
1563,1688.72,2024
1564,9758.46,2024
1565,8.89,2024
1566,0.0,2024
1567,3.29,2024
1568,0.01,2024
1569,0.0,2024
1570,2.72,2024
1571,0.02,2024
1572,0.37,2024
1573,13.99,2024
1574,0.09,2024
1575,0.01,2024
1576,0.25,2024
1577,0.01,2024
1578,47.65,2024
1579,73.22,2024
1580,3.06,2024
1581,0.0,2024
1582,0.1,2024
1583,1.04,2024
1584,0.0,2024
1585,0.11,2024
1586,17.26,2024
1587,115.17,2024
1588,15.75,2024
1589,63.58,2024
1590,0.01,2024
1591,24557248.0,2024
1592,1.23,2024
1593,4007.21,2024
1594,0.0,2024
1595,0.43,2024
1596,0.05,2024
1597,0.0,2024
1598,0.0,2024
1599,3.66,2024
1600,319.35,2024
1601,0.47,2024
1602,0.0,2024
1603,3444.78,2024
1604,0.47,2024
1605,0.01,2024
1606,26.68,2024
1607,7.69,2024
1608,169.96,2024
1609,0.01,2024
1610,8.91,2024
1611,22.94,2024
1612,58.0,2024
1613,14.54,2024
1614,0.41,2024
1615,0.0,2024
1616,0.0,2024
1617,3.02,2024
1618,9.66,2024
1619,2.17,2024
1620,0.0,2024
1621,0.12,2024
1622,0.44,2024
1623,5.36,2024
1624,752.7,2024
1625,21.8,2024
1626,0.05,2024
1627,0.0,2024
1628,6.19,2024
1629,0.01,2024
1630,0.0,2024
1631,0.29,2024
1632,0.0,2024
1633,2792.15,2024
1634,0.01,2024
1635,1.74,2024
1636,0.01,2024
1637,0.0,2024
1638,9.09,2024
1639,1.64,2024
1640,1.21,2024
1641,0.05,2024
1642,0.01,2024
1643,27.5,2024
1644,336.7,2024
1645,0.06,2024
1646,173.7,2024
1647,2.63,2024
1648,183.21,2024
1649,0.0,2024
1650,0.0,2024
1651,19.74,2024
1652,0.0,2024
1653,0.04,2024
1654,1.24,2024
1655,9.66,2024
1656,33.15,2024
1657,0.06,2024
1658,0.62,2024
1659,0.02,2024
1660,0.27,2024
1661,0.0,2024
1662,9.66,2024
1663,0.26,2024
1664,0.0,2024
1665,0.06,2024
1666,118.29,2024
1667,0.0,2024
1668,0.07,2024
1669,0.0,2024
1670,2.03,2024
1671,63.5,2024
1672,0.0,2024
1673,1.65,2024
1674,0.01,2024
1675,0.47,2024
1676,0.06,2024
1677,300.89,2024
1678,17.22,2024
1679,21.08,2024
1680,0.66,2024
1681,0.35,2024
1682,35.4,2024
1683,0.01,2024
1684,40.3,2024
1685,586.34,2024
1686,0.14,2024
1687,23.24,2024
1688,4.28,2024
1689,13.7,2024
1690,0.02,2024
1691,5573.33,2024
1692,1.03,2024
1693,5.81,2024
1694,50.92,2024
1695,90992.5,2024
1696,4.36,2024
1697,0.03,2024
1698,0.0,2024
1699,347.6,2024
1700,69.33,2024
1701,0.96,2024
1702,0.04,2024
1703,0.0,2024
1704,228.1,2024
1705,0.03,2024
1706,0.33,2024
1707,48.9,2024
1708,0.0,2024
1709,1.0,2024
1710,204.86,2024
1711,0.05,2024
1712,0.41,2024
1713,0.02,2024
1714,0.24,2024
1715,0.0,2024
1716,0.0,2024
1717,0.07,2024
1718,0.01,2024
1719,0.0,2024
1720,0.0,2024
1721,0.0,2024
1722,208234.66,2024
1723,0.01,2024
1724,0.06,2024
1725,0.51,2024
1726,19.77,2024
1727,0.02,2024
1728,0.29,2024
1729,0.0,2024
1730,0.0,2024
1731,0.0,2024
1732,0.05,2024
1733,0.01,2024
1734,552.31,2024
1735,0.26,2024
1736,13607.01,2024
1737,7.53,2024
1738,8.03,2024
1739,1.58,2024
1740,48.14,2024
1741,0.0,2024
1742,0.06,2024
1743,0.17,2024
1744,41654.48,2024
1745,0.58,2024
1746,0.03,2024
1747,145.68,2024
1748,75.97,2024
1749,3.44,2024
1750,0.4,2024
1751,9.15,2024
1752,0.56,2024
1753,9.59,2024
1754,0.0,2024
1755,3058.08,2024
1756,0.01,2024
1757,0.0,2024
1758,30.76,2024
1759,14.7,2024
1760,0.38,2024
1761,632.83,2024
1762,0.01,2024
1763,325.31,2024
1764,0.39,2024
1765,6.79,2024
1766,0.17,2024
1767,35.79,2024
1768,0.0,2024
1769,0.23,2024
1770,2155.89,2024
1771,0.03,2024
1772,0.02,2024
1773,0.01,2024
1774,33.68,2024
1775,171.27,2024
1776,0.01,2024
1777,72.81,2024
1778,24.12,2024
1779,214.84,2024
1780,8.29,2024
1781,1.32,2024
1782,0.19,2024
1783,0.16,2024
1784,3.53,2024
1785,10.42,2024
1786,31.05,2024
1787,0.0,2024
1788,443.85,2024
1789,19.51,2024
1790,0.01,2024
1791,0.22,2024
1792,521.84,2024
1793,0.2,2024
1794,0.01,2024
1795,437.22,2024
1796,174.53,2024
1797,28.32,2024
1798,0.02,2024
1799,7.78,2024
1800,0.52,2024
1801,0.47,2024
1802,0.08,2024
1803,0.08,2024
1804,100.43,2024
1805,17.35,2024
1806,776196.2,2024
1807,31.99,2024
1808,0.27,2024
1809,0.13,2024
1810,0.0,2024
1811,10.65,2024
1812,0.0,2024
1813,0.0,2024
1814,0.27,2024
1815,6.94,2024
1816,0.0,2024
1817,24.2,2024
1818,29.16,2024
1819,135.91,2024
1820,4.79,2024
1821,0.12,2024
1822,0.0,2024
1823,336.89,2024
1824,11240.02,2024
1825,0.0,2024
1826,0.11,2024
1827,0.13,2024
1828,0.43,2024
1829,0.01,2024
1830,5.31,2024
1831,0.32,2024
1832,189.82,2024
1833,0.04,2024
1834,1351399.9,2024
1835,0.09,2024
1836,186.97,2024
1837,0.0,2024
1838,0.01,2024
1839,65.22,2024
1840,1.15,2024
1841,31.46,2024
1842,1401.22,2024
1843,0.0,2024
1844,3.82,2024
1845,41.85,2024
1846,0.02,2024
1847,0.0,2024
1848,0.0,2024
1849,3.05,2024
1850,0.99,2024
1851,0.14,2024
1852,0.0,2024
1853,0.02,2024
1854,0.03,2024
1855,0.0,2024
1856,86.75,2024
1857,0.0,2024
1858,213895.1,2024
1859,0.14,2024
1860,15.18,2024
1861,16.26,2024
1862,28.55,2024
1863,0.0,2024
1864,55.7,2024
1865,0.03,2024
1866,0.02,2024
1867,9.92,2024
1868,4.39,2024
1869,1.74,2024
1870,0.1,2024
1871,177.38,2024
1872,14.27,2024
1873,0.01,2024
1874,2.55,2024
1875,0.0,2024
1876,2723.4,2024
1877,0.06,2024
1878,0.27,2024
1879,4232.78,2024
1880,0.01,2024
1881,0.04,2024
1882,11.49,2024
1883,1.03,2024
1884,28.86,2024
1885,2.1,2024
1886,0.0,2024
1887,0.01,2024
1888,34878.41,2024
1889,0.0,2024
1890,0.0,2024
1891,19.45,2024
1892,0.03,2024
1893,90.1,2024
1894,78.73,2024
1895,0.19,2024
1896,0.54,2024
1897,10.05,2024
1898,753.38,2024
1899,9.34,2024
1900,141.26,2024
1901,0.04,2024
1902,0.0,2024
1903,1.47,2024
1904,3.98,2024
1905,7.29,2024
1906,1.22,2024
1907,0.01,2024
1908,0.0,2024
1909,0.0,2024
1910,0.03,2024
1911,1.82,2024
1912,0.04,2024
1913,11.76,2024
1914,45.0,2024
1915,0.25,2024
1916,1.35,2024
1917,0.18,2024
1918,0.0,2024
1919,0.0,2024
1920,0.02,2024
1921,0.0,2024
1922,163.17,2024
1923,80.85,2024
1924,2.53,2024
1925,17.49,2024
1926,0.02,2024
1927,0.01,2024
1928,12.56,2024
1929,24.53,2024
1930,32.35,2024
1931,65.93,2024
1932,0.71,2024
1933,473146.62,2024
1934,383.66,2024
1935,0.85,2024
1936,0.01,2024
1937,14.4,2024
1938,1026.22,2024
1939,34.58,2024
1940,0.02,2024
1941,0.0,2024
1942,0.0,2024
1943,0.01,2024
1944,0.0,2024
1945,1135939.1,2024
1946,0.84,2024
1947,75.0,2024
1948,0.04,2024
1949,359.12,2024
1950,211.8,2024
1951,31.29,2024
1952,0.04,2024
1953,41.22,2024
1954,0.0,2024
1955,0.0,2024
1956,48.88,2024
1957,96.71,2024
1958,0.1,2024
1959,2.24,2024
1960,3.13,2024
1961,0.34,2024
1962,0.02,2024
1963,0.02,2024
1964,35.46,2024
1965,0.04,2024
1966,0.0,2024
1967,3.23,2024
1968,57.91,2024
1969,0.0,2024
1970,0.0,2024
1971,1.12,2024
1972,19.58,2024
1973,0.0,2024
1974,0.0,2024
1975,17313.27,2024
1976,0.0,2024
1977,0.0,2024
1978,0.02,2024
1979,0.0,2024
1980,0.05,2024
1981,8.96,2024
1982,0.02,2024
1983,26.8,2024
1984,408.76,2024
1985,2.7,2024
1986,0.0,2024
1987,544.98,2024
1988,6.9,2024
1989,0.06,2024
1990,0.71,2024
1991,0.33,2024
1992,3466.45,2024
1993,0.09,2024
1994,0.0,2024
1995,2186.34,2024
1996,0.03,2024
1997,0.12,2024
1998,2213.14,2024
1999,42226.39,2024
2000,0.0,2024
2001,0.01,2024
2002,0.53,2024
2003,0.0,2024
2004,0.31,2024
2005,0.0,2024
2006,0.0,2024
2007,12.14,2024
2008,0.01,2024
2009,0.01,2024
2010,0.0,2024
2011,671205.75,2024
2012,0.05,2024
2013,0.07,2024
2014,1.23,2024
2015,8033.38,2024
2016,0.07,2024
2017,0.0,2024
2018,0.03,2024
2019,0.02,2024
2020,0.17,2024
2021,0.0,2024
2022,0.0,2024
2023,0.0,2024
2024,11.38,2024
2025,0.0,2024
2026,0.0,2024
2027,0.0,2024
2028,44.28,2024
2029,1.23,2024
2030,53.22,2024
2031,0.01,2024
2032,0.0,2024
2033,25.38,2024
2034,0.39,2024
2035,381.01,2024
2036,16.23,2024
2037,53142.52,2024
2038,1.8,2024
2039,0.18,2024
2040,0.0,2024
2041,10.16,2024
2042,4.65,2024
2043,0.36,2024
2044,14.75,2024
2045,0.6,2024
2046,0.05,2024
2047,0.05,2024
2048,0.01,2024
2049,0.0,2024
2050,0.01,2024
2051,11.14,2024
2052,0.0,2024
2053,61.92,2024
2054,0.0,2024
2055,416.48,2024
2056,0.31,2024
2057,39.26,2024
2058,69.41,2024
2059,2.11,2024
2060,1340.24,2024
2061,1.09,2024
2062,0.0,2024
2063,135338.8,2024
2064,0.6,2024
2065,0.0,2024
2066,143.49,2024
2067,0.56,2024
2068,1.86,2024
2069,147.7,2024
2070,0.02,2024
2071,0.01,2024
2072,0.02,2024
2073,0.01,2024
2074,0.13,2024
2075,10.79,2024
2076,0.01,2024
2077,0.0,2024
2078,25.81,2024
2079,3.14,2024
2080,0.0,2024
2081,39.63,2024
2082,0.0,2024
2083,2.91,2024
2084,15.21,2024
2085,6.88,2024
2086,4.55,2024
2087,0.04,2024
2088,22.9,2024
2089,1114.42,2024
2090,274.51,2024
2091,1282.75,2024
2092,28.83,2024
2093,0.0,2024
2094,0.0,2024
2095,535315.1,2024
2096,0.0,2024
2097,4729.72,2024
2098,2.82,2024
2099,562.26,2024
2100,186456.95,2024
2101,0.03,2024
2102,3.9,2024
2103,0.2,2024
2104,0.0,2024
2105,0.02,2024
2106,0.25,2024
2107,0.35,2024
2108,13000.05,2024
